state,county_fips,county_name,year,median_household_income,income_source
FL,12001,Alachua County,2015,43073,ACS 2015 5-year B19013
FL,12001,Alachua County,2016,44702,ACS 2016 5-year B19013
FL,12001,Alachua County,2017,45478,ACS 2017 5-year B19013
FL,12001,Alachua County,2018,49078,ACS 2018 5-year B19013
FL,12001,Alachua County,2019,49689,ACS 2019 5-year B19013
FL,12001,Alachua County,2020,50089,ACS 2020 5-year B19013
FL,12001,Alachua County,2021,53314,ACS 2021 5-year B19013
FL,12001,Alachua County,2022,57566,ACS 2022 5-year B19013
FL,12001,Alachua County,2023,59659,ACS 2023 5-year B19013
FL,12001,Alachua County,2024,61949,ACS 2024 5-year B19013
FL,12003,Baker County,2015,47121,ACS 2015 5-year B19013
FL,12003,Baker County,2016,53327,ACS 2016 5-year B19013
FL,12003,Baker County,2017,59506,ACS 2017 5-year B19013
FL,12003,Baker County,2018,61769,ACS 2018 5-year B19013
FL,12003,Baker County,2019,63275,ACS 2019 5-year B19013
FL,12003,Baker County,2020,62299,ACS 2020 5-year B19013
FL,12003,Baker County,2021,63860,ACS 2021 5-year B19013
FL,12003,Baker County,2022,67872,ACS 2022 5-year B19013
FL,12003,Baker County,2023,70833,ACS 2023 5-year B19013
FL,12003,Baker County,2024,79836,ACS 2024 5-year B19013
FL,12005,Bay County,2015,47368,ACS 2015 5-year B19013
FL,12005,Bay County,2016,48577,ACS 2016 5-year B19013
FL,12005,Bay County,2017,50283,ACS 2017 5-year B19013
FL,12005,Bay County,2018,51829,ACS 2018 5-year B19013
FL,12005,Bay County,2019,54316,ACS 2019 5-year B19013
FL,12005,Bay County,2020,56483,ACS 2020 5-year B19013
FL,12005,Bay County,2021,60473,ACS 2021 5-year B19013
FL,12005,Bay County,2022,65999,ACS 2022 5-year B19013
FL,12005,Bay County,2023,70188,ACS 2023 5-year B19013
FL,12005,Bay County,2024,73533,ACS 2024 5-year B19013
FL,12007,Bradford County,2015,41606,ACS 2015 5-year B19013
FL,12007,Bradford County,2016,43373,ACS 2016 5-year B19013
FL,12007,Bradford County,2017,46106,ACS 2017 5-year B19013
FL,12007,Bradford County,2018,46197,ACS 2018 5-year B19013
FL,12007,Bradford County,2019,45921,ACS 2019 5-year B19013
FL,12007,Bradford County,2020,43580,ACS 2020 5-year B19013
FL,12007,Bradford County,2021,48803,ACS 2021 5-year B19013
FL,12007,Bradford County,2022,54759,ACS 2022 5-year B19013
FL,12007,Bradford County,2023,59740,ACS 2023 5-year B19013
FL,12007,Bradford County,2024,63050,ACS 2024 5-year B19013
FL,12009,Brevard County,2015,48925,ACS 2015 5-year B19013
FL,12009,Brevard County,2016,49914,ACS 2016 5-year B19013
FL,12009,Brevard County,2017,51536,ACS 2017 5-year B19013
FL,12009,Brevard County,2018,54359,ACS 2018 5-year B19013
FL,12009,Brevard County,2019,56775,ACS 2019 5-year B19013
FL,12009,Brevard County,2020,59359,ACS 2020 5-year B19013
FL,12009,Brevard County,2021,63632,ACS 2021 5-year B19013
FL,12009,Brevard County,2022,71308,ACS 2022 5-year B19013
FL,12009,Brevard County,2023,75817,ACS 2023 5-year B19013
FL,12009,Brevard County,2024,78476,ACS 2024 5-year B19013
FL,12011,Broward County,2015,51968,ACS 2015 5-year B19013
FL,12011,Broward County,2016,52954,ACS 2016 5-year B19013
FL,12011,Broward County,2017,54895,ACS 2017 5-year B19013
FL,12011,Broward County,2018,57333,ACS 2018 5-year B19013
FL,12011,Broward County,2019,59547,ACS 2019 5-year B19013
FL,12011,Broward County,2020,60922,ACS 2020 5-year B19013
FL,12011,Broward County,2021,64522,ACS 2021 5-year B19013
FL,12011,Broward County,2022,70331,ACS 2022 5-year B19013
FL,12011,Broward County,2023,74534,ACS 2023 5-year B19013
FL,12011,Broward County,2024,77633,ACS 2024 5-year B19013
FL,12013,Calhoun County,2015,34510,ACS 2015 5-year B19013
FL,12013,Calhoun County,2016,37089,ACS 2016 5-year B19013
FL,12013,Calhoun County,2017,36237,ACS 2017 5-year B19013
FL,12013,Calhoun County,2018,38609,ACS 2018 5-year B19013
FL,12013,Calhoun County,2019,38568,ACS 2019 5-year B19013
FL,12013,Calhoun County,2020,38037,ACS 2020 5-year B19013
FL,12013,Calhoun County,2021,38098,ACS 2021 5-year B19013
FL,12013,Calhoun County,2022,41526,ACS 2022 5-year B19013
FL,12013,Calhoun County,2023,46901,ACS 2023 5-year B19013
FL,12013,Calhoun County,2024,50517,ACS 2024 5-year B19013
FL,12015,Charlotte County,2015,44244,ACS 2015 5-year B19013
FL,12015,Charlotte County,2016,44865,ACS 2016 5-year B19013
FL,12015,Charlotte County,2017,46511,ACS 2017 5-year B19013
FL,12015,Charlotte County,2018,49225,ACS 2018 5-year B19013
FL,12015,Charlotte County,2019,51499,ACS 2019 5-year B19013
FL,12015,Charlotte County,2020,52724,ACS 2020 5-year B19013
FL,12015,Charlotte County,2021,57887,ACS 2021 5-year B19013
FL,12015,Charlotte County,2022,62164,ACS 2022 5-year B19013
FL,12015,Charlotte County,2023,66154,ACS 2023 5-year B19013
FL,12015,Charlotte County,2024,69952,ACS 2024 5-year B19013
FL,12017,Citrus County,2015,38312,ACS 2015 5-year B19013
FL,12017,Citrus County,2016,39054,ACS 2016 5-year B19013
FL,12017,Citrus County,2017,40574,ACS 2017 5-year B19013
FL,12017,Citrus County,2018,41424,ACS 2018 5-year B19013
FL,12017,Citrus County,2019,44237,ACS 2019 5-year B19013
FL,12017,Citrus County,2020,45689,ACS 2020 5-year B19013
FL,12017,Citrus County,2021,48664,ACS 2021 5-year B19013
FL,12017,Citrus County,2022,52569,ACS 2022 5-year B19013
FL,12017,Citrus County,2023,55355,ACS 2023 5-year B19013
FL,12017,Citrus County,2024,56546,ACS 2024 5-year B19013
FL,12019,Clay County,2015,58290,ACS 2015 5-year B19013
FL,12019,Clay County,2016,59179,ACS 2016 5-year B19013
FL,12019,Clay County,2017,61971,ACS 2017 5-year B19013
FL,12019,Clay County,2018,62653,ACS 2018 5-year B19013
FL,12019,Clay County,2019,65740,ACS 2019 5-year B19013
FL,12019,Clay County,2020,68657,ACS 2020 5-year B19013
FL,12019,Clay County,2021,74059,ACS 2021 5-year B19013
FL,12019,Clay County,2022,82242,ACS 2022 5-year B19013
FL,12019,Clay County,2023,86094,ACS 2023 5-year B19013
FL,12019,Clay County,2024,87820,ACS 2024 5-year B19013
FL,12021,Collier County,2015,57452,ACS 2015 5-year B19013
FL,12021,Collier County,2016,59783,ACS 2016 5-year B19013
FL,12021,Collier County,2017,62407,ACS 2017 5-year B19013
FL,12021,Collier County,2018,65675,ACS 2018 5-year B19013
FL,12021,Collier County,2019,69653,ACS 2019 5-year B19013
FL,12021,Collier County,2020,70217,ACS 2020 5-year B19013
FL,12021,Collier County,2021,75543,ACS 2021 5-year B19013
FL,12021,Collier County,2022,82011,ACS 2022 5-year B19013
FL,12021,Collier County,2023,86173,ACS 2023 5-year B19013
FL,12021,Collier County,2024,90045,ACS 2024 5-year B19013
FL,12023,Columbia County,2015,41926,ACS 2015 5-year B19013
FL,12023,Columbia County,2016,42848,ACS 2016 5-year B19013
FL,12023,Columbia County,2017,43504,ACS 2017 5-year B19013
FL,12023,Columbia County,2018,44491,ACS 2018 5-year B19013
FL,12023,Columbia County,2019,46494,ACS 2019 5-year B19013
FL,12023,Columbia County,2020,44818,ACS 2020 5-year B19013
FL,12023,Columbia County,2021,47750,ACS 2021 5-year B19013
FL,12023,Columbia County,2022,53501,ACS 2022 5-year B19013
FL,12023,Columbia County,2023,55070,ACS 2023 5-year B19013
FL,12023,Columbia County,2024,59205,ACS 2024 5-year B19013
FL,12027,DeSoto County,2015,35165,ACS 2015 5-year B19013
FL,12027,DeSoto County,2016,35513,ACS 2016 5-year B19013
FL,12027,DeSoto County,2017,35435,ACS 2017 5-year B19013
FL,12027,DeSoto County,2018,35057,ACS 2018 5-year B19013
FL,12027,DeSoto County,2019,35438,ACS 2019 5-year B19013
FL,12027,DeSoto County,2020,36360,ACS 2020 5-year B19013
FL,12027,DeSoto County,2021,39945,ACS 2021 5-year B19013
FL,12027,DeSoto County,2022,45000,ACS 2022 5-year B19013
FL,12027,DeSoto County,2023,50868,ACS 2023 5-year B19013
FL,12027,DeSoto County,2024,54417,ACS 2024 5-year B19013
FL,12029,Dixie County,2015,36292,ACS 2015 5-year B19013
FL,12029,Dixie County,2016,34634,ACS 2016 5-year B19013
FL,12029,Dixie County,2017,35910,ACS 2017 5-year B19013
FL,12029,Dixie County,2018,38237,ACS 2018 5-year B19013
FL,12029,Dixie County,2019,39828,ACS 2019 5-year B19013
FL,12029,Dixie County,2020,41674,ACS 2020 5-year B19013
FL,12029,Dixie County,2021,44287,ACS 2021 5-year B19013
FL,12029,Dixie County,2022,45057,ACS 2022 5-year B19013
FL,12029,Dixie County,2023,47655,ACS 2023 5-year B19013
FL,12029,Dixie County,2024,50110,ACS 2024 5-year B19013
FL,12031,Duval County,2015,47690,ACS 2015 5-year B19013
FL,12031,Duval County,2016,49196,ACS 2016 5-year B19013
FL,12031,Duval County,2017,51296,ACS 2017 5-year B19013
FL,12031,Duval County,2018,53473,ACS 2018 5-year B19013
FL,12031,Duval County,2019,55807,ACS 2019 5-year B19013
FL,12031,Duval County,2020,56769,ACS 2020 5-year B19013
FL,12031,Duval County,2021,59541,ACS 2021 5-year B19013
FL,12031,Duval County,2022,65579,ACS 2022 5-year B19013
FL,12031,Duval County,2023,68447,ACS 2023 5-year B19013
FL,12031,Duval County,2024,71277,ACS 2024 5-year B19013
FL,12033,Escambia County,2015,45390,ACS 2015 5-year B19013
FL,12033,Escambia County,2016,46117,ACS 2016 5-year B19013
FL,12033,Escambia County,2017,47361,ACS 2017 5-year B19013
FL,12033,Escambia County,2018,49286,ACS 2018 5-year B19013
FL,12033,Escambia County,2019,50915,ACS 2019 5-year B19013
FL,12033,Escambia County,2020,53023,ACS 2020 5-year B19013
FL,12033,Escambia County,2021,56605,ACS 2021 5-year B19013
FL,12033,Escambia County,2022,61642,ACS 2022 5-year B19013
FL,12033,Escambia County,2023,65715,ACS 2023 5-year B19013
FL,12033,Escambia County,2024,67500,ACS 2024 5-year B19013
FL,12035,Flagler County,2015,47866,ACS 2015 5-year B19013
FL,12035,Flagler County,2016,48898,ACS 2016 5-year B19013
FL,12035,Flagler County,2017,51049,ACS 2017 5-year B19013
FL,12035,Flagler County,2018,53872,ACS 2018 5-year B19013
FL,12035,Flagler County,2019,54514,ACS 2019 5-year B19013
FL,12035,Flagler County,2020,57536,ACS 2020 5-year B19013
FL,12035,Flagler County,2021,62305,ACS 2021 5-year B19013
FL,12035,Flagler County,2022,69251,ACS 2022 5-year B19013
FL,12035,Flagler County,2023,72923,ACS 2023 5-year B19013
FL,12035,Flagler County,2024,77363,ACS 2024 5-year B19013
FL,12037,Franklin County,2015,40401,ACS 2015 5-year B19013
FL,12037,Franklin County,2016,40301,ACS 2016 5-year B19013
FL,12037,Franklin County,2017,41267,ACS 2017 5-year B19013
FL,12037,Franklin County,2018,42855,ACS 2018 5-year B19013
FL,12037,Franklin County,2019,46643,ACS 2019 5-year B19013
FL,12037,Franklin County,2020,48814,ACS 2020 5-year B19013
FL,12037,Franklin County,2021,52679,ACS 2021 5-year B19013
FL,12037,Franklin County,2022,58107,ACS 2022 5-year B19013
FL,12037,Franklin County,2023,62734,ACS 2023 5-year B19013
FL,12037,Franklin County,2024,64105,ACS 2024 5-year B19013
FL,12039,Gadsden County,2015,35567,ACS 2015 5-year B19013
FL,12039,Gadsden County,2016,38533,ACS 2016 5-year B19013
FL,12039,Gadsden County,2017,39830,ACS 2017 5-year B19013
FL,12039,Gadsden County,2018,40922,ACS 2018 5-year B19013
FL,12039,Gadsden County,2019,41401,ACS 2019 5-year B19013
FL,12039,Gadsden County,2020,41135,ACS 2020 5-year B19013
FL,12039,Gadsden County,2021,42661,ACS 2021 5-year B19013
FL,12039,Gadsden County,2022,45721,ACS 2022 5-year B19013
FL,12039,Gadsden County,2023,46047,ACS 2023 5-year B19013
FL,12039,Gadsden County,2024,48801,ACS 2024 5-year B19013
FL,12041,Gilchrist County,2015,40623,ACS 2015 5-year B19013
FL,12041,Gilchrist County,2016,40881,ACS 2016 5-year B19013
FL,12041,Gilchrist County,2017,42934,ACS 2017 5-year B19013
FL,12041,Gilchrist County,2018,42357,ACS 2018 5-year B19013
FL,12041,Gilchrist County,2019,43640,ACS 2019 5-year B19013
FL,12041,Gilchrist County,2020,47381,ACS 2020 5-year B19013
FL,12041,Gilchrist County,2021,50983,ACS 2021 5-year B19013
FL,12041,Gilchrist County,2022,56823,ACS 2022 5-year B19013
FL,12041,Gilchrist County,2023,61070,ACS 2023 5-year B19013
FL,12041,Gilchrist County,2024,63523,ACS 2024 5-year B19013
FL,12043,Glades County,2015,34877,ACS 2015 5-year B19013
FL,12043,Glades County,2016,34143,ACS 2016 5-year B19013
FL,12043,Glades County,2017,37385,ACS 2017 5-year B19013
FL,12043,Glades County,2018,39879,ACS 2018 5-year B19013
FL,12043,Glades County,2019,40977,ACS 2019 5-year B19013
FL,12043,Glades County,2020,39709,ACS 2020 5-year B19013
FL,12043,Glades County,2021,38088,ACS 2021 5-year B19013
FL,12043,Glades County,2022,37221,ACS 2022 5-year B19013
FL,12043,Glades County,2023,38905,ACS 2023 5-year B19013
FL,12043,Glades County,2024,45870,ACS 2024 5-year B19013
FL,12045,Gulf County,2015,41788,ACS 2015 5-year B19013
FL,12045,Gulf County,2016,40822,ACS 2016 5-year B19013
FL,12045,Gulf County,2017,44647,ACS 2017 5-year B19013
FL,12045,Gulf County,2018,44291,ACS 2018 5-year B19013
FL,12045,Gulf County,2019,47712,ACS 2019 5-year B19013
FL,12045,Gulf County,2020,50640,ACS 2020 5-year B19013
FL,12045,Gulf County,2021,53812,ACS 2021 5-year B19013
FL,12045,Gulf County,2022,56250,ACS 2022 5-year B19013
FL,12045,Gulf County,2023,67361,ACS 2023 5-year B19013
FL,12045,Gulf County,2024,61179,ACS 2024 5-year B19013
FL,12047,Hamilton County,2015,35048,ACS 2015 5-year B19013
FL,12047,Hamilton County,2016,38980,ACS 2016 5-year B19013
FL,12047,Hamilton County,2017,36209,ACS 2017 5-year B19013
FL,12047,Hamilton County,2018,34583,ACS 2018 5-year B19013
FL,12047,Hamilton County,2019,38569,ACS 2019 5-year B19013
FL,12047,Hamilton County,2020,38300,ACS 2020 5-year B19013
FL,12047,Hamilton County,2021,39346,ACS 2021 5-year B19013
FL,12047,Hamilton County,2022,47668,ACS 2022 5-year B19013
FL,12047,Hamilton County,2023,47696,ACS 2023 5-year B19013
FL,12047,Hamilton County,2024,50144,ACS 2024 5-year B19013
FL,12049,Hardee County,2015,35457,ACS 2015 5-year B19013
FL,12049,Hardee County,2016,36222,ACS 2016 5-year B19013
FL,12049,Hardee County,2017,39063,ACS 2017 5-year B19013
FL,12049,Hardee County,2018,37594,ACS 2018 5-year B19013
FL,12049,Hardee County,2019,38682,ACS 2019 5-year B19013
FL,12049,Hardee County,2020,40165,ACS 2020 5-year B19013
FL,12049,Hardee County,2021,41395,ACS 2021 5-year B19013
FL,12049,Hardee County,2022,44665,ACS 2022 5-year B19013
FL,12049,Hardee County,2023,54231,ACS 2023 5-year B19013
FL,12049,Hardee County,2024,60489,ACS 2024 5-year B19013
FL,12051,Hendry County,2015,36771,ACS 2015 5-year B19013
FL,12051,Hendry County,2016,37552,ACS 2016 5-year B19013
FL,12051,Hendry County,2017,37966,ACS 2017 5-year B19013
FL,12051,Hendry County,2018,40728,ACS 2018 5-year B19013
FL,12051,Hendry County,2019,40820,ACS 2019 5-year B19013
FL,12051,Hendry County,2020,36978,ACS 2020 5-year B19013
FL,12051,Hendry County,2021,38843,ACS 2021 5-year B19013
FL,12051,Hendry County,2022,49259,ACS 2022 5-year B19013
FL,12051,Hendry County,2023,53044,ACS 2023 5-year B19013
FL,12051,Hendry County,2024,56393,ACS 2024 5-year B19013
FL,12053,Hernando County,2015,40945,ACS 2015 5-year B19013
FL,12053,Hernando County,2016,42274,ACS 2016 5-year B19013
FL,12053,Hernando County,2017,44324,ACS 2017 5-year B19013
FL,12053,Hernando County,2018,46030,ACS 2018 5-year B19013
FL,12053,Hernando County,2019,48812,ACS 2019 5-year B19013
FL,12053,Hernando County,2020,50280,ACS 2020 5-year B19013
FL,12053,Hernando County,2021,53301,ACS 2021 5-year B19013
FL,12053,Hernando County,2022,59202,ACS 2022 5-year B19013
FL,12053,Hernando County,2023,63193,ACS 2023 5-year B19013
FL,12053,Hernando County,2024,66058,ACS 2024 5-year B19013
FL,12055,Highlands County,2015,35093,ACS 2015 5-year B19013
FL,12055,Highlands County,2016,35865,ACS 2016 5-year B19013
FL,12055,Highlands County,2017,36374,ACS 2017 5-year B19013
FL,12055,Highlands County,2018,37314,ACS 2018 5-year B19013
FL,12055,Highlands County,2019,40942,ACS 2019 5-year B19013
FL,12055,Highlands County,2020,43708,ACS 2020 5-year B19013
FL,12055,Highlands County,2021,46895,ACS 2021 5-year B19013
FL,12055,Highlands County,2022,53679,ACS 2022 5-year B19013
FL,12055,Highlands County,2023,55581,ACS 2023 5-year B19013
FL,12055,Highlands County,2024,54897,ACS 2024 5-year B19013
FL,12057,Hillsborough County,2015,50579,ACS 2015 5-year B19013
FL,12057,Hillsborough County,2016,51681,ACS 2016 5-year B19013
FL,12057,Hillsborough County,2017,53742,ACS 2017 5-year B19013
FL,12057,Hillsborough County,2018,56137,ACS 2018 5-year B19013
FL,12057,Hillsborough County,2019,58884,ACS 2019 5-year B19013
FL,12057,Hillsborough County,2020,60566,ACS 2020 5-year B19013
FL,12057,Hillsborough County,2021,64164,ACS 2021 5-year B19013
FL,12057,Hillsborough County,2022,70612,ACS 2022 5-year B19013
FL,12057,Hillsborough County,2023,75011,ACS 2023 5-year B19013
FL,12057,Hillsborough County,2024,79540,ACS 2024 5-year B19013
FL,12059,Holmes County,2015,35020,ACS 2015 5-year B19013
FL,12059,Holmes County,2016,37437,ACS 2016 5-year B19013
FL,12059,Holmes County,2017,37474,ACS 2017 5-year B19013
FL,12059,Holmes County,2018,38608,ACS 2018 5-year B19013
FL,12059,Holmes County,2019,39102,ACS 2019 5-year B19013
FL,12059,Holmes County,2020,39215,ACS 2020 5-year B19013
FL,12059,Holmes County,2021,41809,ACS 2021 5-year B19013
FL,12059,Holmes County,2022,46063,ACS 2022 5-year B19013
FL,12059,Holmes County,2023,48236,ACS 2023 5-year B19013
FL,12059,Holmes County,2024,49343,ACS 2024 5-year B19013
FL,12061,Indian River County,2015,45798,ACS 2015 5-year B19013
FL,12061,Indian River County,2016,47446,ACS 2016 5-year B19013
FL,12061,Indian River County,2017,49009,ACS 2017 5-year B19013
FL,12061,Indian River County,2018,52336,ACS 2018 5-year B19013
FL,12061,Indian River County,2019,54740,ACS 2019 5-year B19013
FL,12061,Indian River County,2020,57945,ACS 2020 5-year B19013
FL,12061,Indian River County,2021,61594,ACS 2021 5-year B19013
FL,12061,Indian River County,2022,67543,ACS 2022 5-year B19013
FL,12061,Indian River County,2023,71049,ACS 2023 5-year B19013
FL,12061,Indian River County,2024,73491,ACS 2024 5-year B19013
FL,12063,Jackson County,2015,35098,ACS 2015 5-year B19013
FL,12063,Jackson County,2016,35470,ACS 2016 5-year B19013
FL,12063,Jackson County,2017,36944,ACS 2017 5-year B19013
FL,12063,Jackson County,2018,39002,ACS 2018 5-year B19013
FL,12063,Jackson County,2019,39872,ACS 2019 5-year B19013
FL,12063,Jackson County,2020,40754,ACS 2020 5-year B19013
FL,12063,Jackson County,2021,43416,ACS 2021 5-year B19013
FL,12063,Jackson County,2022,46144,ACS 2022 5-year B19013
FL,12063,Jackson County,2023,47327,ACS 2023 5-year B19013
FL,12063,Jackson County,2024,49149,ACS 2024 5-year B19013
FL,12065,Jefferson County,2015,43355,ACS 2015 5-year B19013
FL,12065,Jefferson County,2016,41696,ACS 2016 5-year B19013
FL,12065,Jefferson County,2017,47599,ACS 2017 5-year B19013
FL,12065,Jefferson County,2018,48173,ACS 2018 5-year B19013
FL,12065,Jefferson County,2019,47240,ACS 2019 5-year B19013
FL,12065,Jefferson County,2020,49081,ACS 2020 5-year B19013
FL,12065,Jefferson County,2021,53080,ACS 2021 5-year B19013
FL,12065,Jefferson County,2022,51573,ACS 2022 5-year B19013
FL,12065,Jefferson County,2023,56984,ACS 2023 5-year B19013
FL,12065,Jefferson County,2024,61212,ACS 2024 5-year B19013
FL,12067,Lafayette County,2015,35864,ACS 2015 5-year B19013
FL,12067,Lafayette County,2016,36236,ACS 2016 5-year B19013
FL,12067,Lafayette County,2017,41512,ACS 2017 5-year B19013
FL,12067,Lafayette County,2018,39543,ACS 2018 5-year B19013
FL,12067,Lafayette County,2019,50165,ACS 2019 5-year B19013
FL,12067,Lafayette County,2020,51734,ACS 2020 5-year B19013
FL,12067,Lafayette County,2021,56458,ACS 2021 5-year B19013
FL,12067,Lafayette County,2022,57852,ACS 2022 5-year B19013
FL,12067,Lafayette County,2023,60692,ACS 2023 5-year B19013
FL,12067,Lafayette County,2024,62757,ACS 2024 5-year B19013
FL,12069,Lake County,2015,46403,ACS 2015 5-year B19013
FL,12069,Lake County,2016,47141,ACS 2016 5-year B19013
FL,12069,Lake County,2017,49734,ACS 2017 5-year B19013
FL,12069,Lake County,2018,51884,ACS 2018 5-year B19013
FL,12069,Lake County,2019,54513,ACS 2019 5-year B19013
FL,12069,Lake County,2020,55792,ACS 2020 5-year B19013
FL,12069,Lake County,2021,60013,ACS 2021 5-year B19013
FL,12069,Lake County,2022,66239,ACS 2022 5-year B19013
FL,12069,Lake County,2023,69956,ACS 2023 5-year B19013
FL,12069,Lake County,2024,73161,ACS 2024 5-year B19013
FL,12071,Lee County,2015,48537,ACS 2015 5-year B19013
FL,12071,Lee County,2016,50390,ACS 2016 5-year B19013
FL,12071,Lee County,2017,52052,ACS 2017 5-year B19013
FL,12071,Lee County,2018,54691,ACS 2018 5-year B19013
FL,12071,Lee County,2019,57832,ACS 2019 5-year B19013
FL,12071,Lee County,2020,59608,ACS 2020 5-year B19013
FL,12071,Lee County,2021,63235,ACS 2021 5-year B19013
FL,12071,Lee County,2022,69368,ACS 2022 5-year B19013
FL,12071,Lee County,2023,73099,ACS 2023 5-year B19013
FL,12071,Lee County,2024,76107,ACS 2024 5-year B19013
FL,12073,Leon County,2015,46745,ACS 2015 5-year B19013
FL,12073,Leon County,2016,48248,ACS 2016 5-year B19013
FL,12073,Leon County,2017,49941,ACS 2017 5-year B19013
FL,12073,Leon County,2018,51201,ACS 2018 5-year B19013
FL,12073,Leon County,2019,53106,ACS 2019 5-year B19013
FL,12073,Leon County,2020,54675,ACS 2020 5-year B19013
FL,12073,Leon County,2021,57359,ACS 2021 5-year B19013
FL,12073,Leon County,2022,61317,ACS 2022 5-year B19013
FL,12073,Leon County,2023,65074,ACS 2023 5-year B19013
FL,12073,Leon County,2024,66287,ACS 2024 5-year B19013
FL,12075,Levy County,2015,35782,ACS 2015 5-year B19013
FL,12075,Levy County,2016,35480,ACS 2016 5-year B19013
FL,12075,Levy County,2017,36554,ACS 2017 5-year B19013
FL,12075,Levy County,2018,37634,ACS 2018 5-year B19013
FL,12075,Levy County,2019,37326,ACS 2019 5-year B19013
FL,12075,Levy County,2020,38951,ACS 2020 5-year B19013
FL,12075,Levy County,2021,43029,ACS 2021 5-year B19013
FL,12075,Levy County,2022,49933,ACS 2022 5-year B19013
FL,12075,Levy County,2023,53805,ACS 2023 5-year B19013
FL,12075,Levy County,2024,56750,ACS 2024 5-year B19013
FL,12077,Liberty County,2015,39406,ACS 2015 5-year B19013
FL,12077,Liberty County,2016,37917,ACS 2016 5-year B19013
FL,12077,Liberty County,2017,36741,ACS 2017 5-year B19013
FL,12077,Liberty County,2018,37363,ACS 2018 5-year B19013
FL,12077,Liberty County,2019,38015,ACS 2019 5-year B19013
FL,12077,Liberty County,2020,39121,ACS 2020 5-year B19013
FL,12077,Liberty County,2021,42438,ACS 2021 5-year B19013
FL,12077,Liberty County,2022,51723,ACS 2022 5-year B19013
FL,12077,Liberty County,2023,53824,ACS 2023 5-year B19013
FL,12077,Liberty County,2024,58671,ACS 2024 5-year B19013
FL,12079,Madison County,2015,32164,ACS 2015 5-year B19013
FL,12079,Madison County,2016,29806,ACS 2016 5-year B19013
FL,12079,Madison County,2017,31816,ACS 2017 5-year B19013
FL,12079,Madison County,2018,35509,ACS 2018 5-year B19013
FL,12079,Madison County,2019,37037,ACS 2019 5-year B19013
FL,12079,Madison County,2020,35240,ACS 2020 5-year B19013
FL,12079,Madison County,2021,39503,ACS 2021 5-year B19013
FL,12079,Madison County,2022,43386,ACS 2022 5-year B19013
FL,12079,Madison County,2023,48176,ACS 2023 5-year B19013
FL,12079,Madison County,2024,48485,ACS 2024 5-year B19013
FL,12081,Manatee County,2015,49675,ACS 2015 5-year B19013
FL,12081,Manatee County,2016,51483,ACS 2016 5-year B19013
FL,12081,Manatee County,2017,53408,ACS 2017 5-year B19013
FL,12081,Manatee County,2018,56036,ACS 2018 5-year B19013
FL,12081,Manatee County,2019,59009,ACS 2019 5-year B19013
FL,12081,Manatee County,2020,59963,ACS 2020 5-year B19013
FL,12081,Manatee County,2021,64964,ACS 2021 5-year B19013
FL,12081,Manatee County,2022,71385,ACS 2022 5-year B19013
FL,12081,Manatee County,2023,75792,ACS 2023 5-year B19013
FL,12081,Manatee County,2024,78457,ACS 2024 5-year B19013
FL,12083,Marion County,2015,39459,ACS 2015 5-year B19013
FL,12083,Marion County,2016,40295,ACS 2016 5-year B19013
FL,12083,Marion County,2017,41964,ACS 2017 5-year B19013
FL,12083,Marion County,2018,43361,ACS 2018 5-year B19013
FL,12083,Marion County,2019,45371,ACS 2019 5-year B19013
FL,12083,Marion County,2020,46587,ACS 2020 5-year B19013
FL,12083,Marion County,2021,50808,ACS 2021 5-year B19013
FL,12083,Marion County,2022,55265,ACS 2022 5-year B19013
FL,12083,Marion County,2023,58535,ACS 2023 5-year B19013
FL,12083,Marion County,2024,61010,ACS 2024 5-year B19013
FL,12085,Martin County,2015,51593,ACS 2015 5-year B19013
FL,12085,Martin County,2016,52622,ACS 2016 5-year B19013
FL,12085,Martin County,2017,55588,ACS 2017 5-year B19013
FL,12085,Martin County,2018,57959,ACS 2018 5-year B19013
FL,12085,Martin County,2019,61133,ACS 2019 5-year B19013
FL,12085,Martin County,2020,65821,ACS 2020 5-year B19013
FL,12085,Martin County,2021,69769,ACS 2021 5-year B19013
FL,12085,Martin County,2022,77894,ACS 2022 5-year B19013
FL,12085,Martin County,2023,80701,ACS 2023 5-year B19013
FL,12085,Martin County,2024,82943,ACS 2024 5-year B19013
FL,12086,Miami-Dade County,2015,43129,ACS 2015 5-year B19013
FL,12086,Miami-Dade County,2016,44224,ACS 2016 5-year B19013
FL,12086,Miami-Dade County,2017,46338,ACS 2017 5-year B19013
FL,12086,Miami-Dade County,2018,48982,ACS 2018 5-year B19013
FL,12086,Miami-Dade County,2019,51347,ACS 2019 5-year B19013
FL,12086,Miami-Dade County,2020,53975,ACS 2020 5-year B19013
FL,12086,Miami-Dade County,2021,57815,ACS 2021 5-year B19013
FL,12086,Miami-Dade County,2022,64215,ACS 2022 5-year B19013
FL,12086,Miami-Dade County,2023,68694,ACS 2023 5-year B19013
FL,12086,Miami-Dade County,2024,71753,ACS 2024 5-year B19013
FL,12087,Monroe County,2015,57290,ACS 2015 5-year B19013
FL,12087,Monroe County,2016,60303,ACS 2016 5-year B19013
FL,12087,Monroe County,2017,63030,ACS 2017 5-year B19013
FL,12087,Monroe County,2018,67023,ACS 2018 5-year B19013
FL,12087,Monroe County,2019,70033,ACS 2019 5-year B19013
FL,12087,Monroe County,2020,72012,ACS 2020 5-year B19013
FL,12087,Monroe County,2021,73153,ACS 2021 5-year B19013
FL,12087,Monroe County,2022,80111,ACS 2022 5-year B19013
FL,12087,Monroe County,2023,82430,ACS 2023 5-year B19013
FL,12087,Monroe County,2024,87738,ACS 2024 5-year B19013
FL,12089,Nassau County,2015,54116,ACS 2015 5-year B19013
FL,12089,Nassau County,2016,59196,ACS 2016 5-year B19013
FL,12089,Nassau County,2017,64294,ACS 2017 5-year B19013
FL,12089,Nassau County,2018,66297,ACS 2018 5-year B19013
FL,12089,Nassau County,2019,69943,ACS 2019 5-year B19013
FL,12089,Nassau County,2020,72998,ACS 2020 5-year B19013
FL,12089,Nassau County,2021,77504,ACS 2021 5-year B19013
FL,12089,Nassau County,2022,84085,ACS 2022 5-year B19013
FL,12089,Nassau County,2023,88900,ACS 2023 5-year B19013
FL,12089,Nassau County,2024,89804,ACS 2024 5-year B19013
FL,12091,Okaloosa County,2015,55880,ACS 2015 5-year B19013
FL,12091,Okaloosa County,2016,57655,ACS 2016 5-year B19013
FL,12091,Okaloosa County,2017,59955,ACS 2017 5-year B19013
FL,12091,Okaloosa County,2018,62048,ACS 2018 5-year B19013
FL,12091,Okaloosa County,2019,63412,ACS 2019 5-year B19013
FL,12091,Okaloosa County,2020,64373,ACS 2020 5-year B19013
FL,12091,Okaloosa County,2021,67390,ACS 2021 5-year B19013
FL,12091,Okaloosa County,2022,73988,ACS 2022 5-year B19013
FL,12091,Okaloosa County,2023,79097,ACS 2023 5-year B19013
FL,12091,Okaloosa County,2024,81998,ACS 2024 5-year B19013
FL,12093,Okeechobee County,2015,35405,ACS 2015 5-year B19013
FL,12093,Okeechobee County,2016,36415,ACS 2016 5-year B19013
FL,12093,Okeechobee County,2017,39059,ACS 2017 5-year B19013
FL,12093,Okeechobee County,2018,40367,ACS 2018 5-year B19013
FL,12093,Okeechobee County,2019,41760,ACS 2019 5-year B19013
FL,12093,Okeechobee County,2020,46097,ACS 2020 5-year B19013
FL,12093,Okeechobee County,2021,47020,ACS 2021 5-year B19013
FL,12093,Okeechobee County,2022,50476,ACS 2022 5-year B19013
FL,12093,Okeechobee County,2023,52288,ACS 2023 5-year B19013
FL,12093,Okeechobee County,2024,57984,ACS 2024 5-year B19013
FL,12095,Orange County,2015,47943,ACS 2015 5-year B19013
FL,12095,Orange County,2016,49391,ACS 2016 5-year B19013
FL,12095,Orange County,2017,51586,ACS 2017 5-year B19013
FL,12095,Orange County,2018,54335,ACS 2018 5-year B19013
FL,12095,Orange County,2019,58254,ACS 2019 5-year B19013
FL,12095,Orange County,2020,61416,ACS 2020 5-year B19013
FL,12095,Orange County,2021,65784,ACS 2021 5-year B19013
FL,12095,Orange County,2022,72629,ACS 2022 5-year B19013
FL,12095,Orange County,2023,77011,ACS 2023 5-year B19013
FL,12095,Orange County,2024,79719,ACS 2024 5-year B19013
FL,12097,Osceola County,2015,44254,ACS 2015 5-year B19013
FL,12097,Osceola County,2016,45536,ACS 2016 5-year B19013
FL,12097,Osceola County,2017,47343,ACS 2017 5-year B19013
FL,12097,Osceola County,2018,50063,ACS 2018 5-year B19013
FL,12097,Osceola County,2019,52279,ACS 2019 5-year B19013
FL,12097,Osceola County,2020,55538,ACS 2020 5-year B19013
FL,12097,Osceola County,2021,58513,ACS 2021 5-year B19013
FL,12097,Osceola County,2022,64312,ACS 2022 5-year B19013
FL,12097,Osceola County,2023,68711,ACS 2023 5-year B19013
FL,12097,Osceola County,2024,72637,ACS 2024 5-year B19013
FL,12099,Palm Beach County,2015,53363,ACS 2015 5-year B19013
FL,12099,Palm Beach County,2016,55277,ACS 2016 5-year B19013
FL,12099,Palm Beach County,2017,57256,ACS 2017 5-year B19013
FL,12099,Palm Beach County,2018,59943,ACS 2018 5-year B19013
FL,12099,Palm Beach County,2019,63299,ACS 2019 5-year B19013
FL,12099,Palm Beach County,2020,65015,ACS 2020 5-year B19013
FL,12099,Palm Beach County,2021,68874,ACS 2021 5-year B19013
FL,12099,Palm Beach County,2022,76066,ACS 2022 5-year B19013
FL,12099,Palm Beach County,2023,81115,ACS 2023 5-year B19013
FL,12099,Palm Beach County,2024,83581,ACS 2024 5-year B19013
FL,12101,Pasco County,2015,45064,ACS 2015 5-year B19013
FL,12101,Pasco County,2016,46010,ACS 2016 5-year B19013
FL,12101,Pasco County,2017,48289,ACS 2017 5-year B19013
FL,12101,Pasco County,2018,50417,ACS 2018 5-year B19013
FL,12101,Pasco County,2019,52828,ACS 2019 5-year B19013
FL,12101,Pasco County,2020,53431,ACS 2020 5-year B19013
FL,12101,Pasco County,2021,58084,ACS 2021 5-year B19013
FL,12101,Pasco County,2022,63187,ACS 2022 5-year B19013
FL,12101,Pasco County,2023,67384,ACS 2023 5-year B19013
FL,12101,Pasco County,2024,70492,ACS 2024 5-year B19013
FL,12103,Pinellas County,2015,45819,ACS 2015 5-year B19013
FL,12103,Pinellas County,2016,47090,ACS 2016 5-year B19013
FL,12103,Pinellas County,2017,48968,ACS 2017 5-year B19013
FL,12103,Pinellas County,2018,51454,ACS 2018 5-year B19013
FL,12103,Pinellas County,2019,54090,ACS 2019 5-year B19013
FL,12103,Pinellas County,2020,56419,ACS 2020 5-year B19013
FL,12103,Pinellas County,2021,60451,ACS 2021 5-year B19013
FL,12103,Pinellas County,2022,66406,ACS 2022 5-year B19013
FL,12103,Pinellas County,2023,70293,ACS 2023 5-year B19013
FL,12103,Pinellas County,2024,72646,ACS 2024 5-year B19013
FL,12105,Polk County,2015,43162,ACS 2015 5-year B19013
FL,12105,Polk County,2016,44146,ACS 2016 5-year B19013
FL,12105,Polk County,2017,45988,ACS 2017 5-year B19013
FL,12105,Polk County,2018,48500,ACS 2018 5-year B19013
FL,12105,Polk County,2019,50584,ACS 2019 5-year B19013
FL,12105,Polk County,2020,51535,ACS 2020 5-year B19013
FL,12105,Polk County,2021,55099,ACS 2021 5-year B19013
FL,12105,Polk County,2022,60901,ACS 2022 5-year B19013
FL,12105,Polk County,2023,63644,ACS 2023 5-year B19013
FL,12105,Polk County,2024,65978,ACS 2024 5-year B19013
FL,12107,Putnam County,2015,31715,ACS 2015 5-year B19013
FL,12107,Putnam County,2016,33003,ACS 2016 5-year B19013
FL,12107,Putnam County,2017,33619,ACS 2017 5-year B19013
FL,12107,Putnam County,2018,35649,ACS 2018 5-year B19013
FL,12107,Putnam County,2019,37670,ACS 2019 5-year B19013
FL,12107,Putnam County,2020,40068,ACS 2020 5-year B19013
FL,12107,Putnam County,2021,39975,ACS 2021 5-year B19013
FL,12107,Putnam County,2022,44852,ACS 2022 5-year B19013
FL,12107,Putnam County,2023,47256,ACS 2023 5-year B19013
FL,12107,Putnam County,2024,47934,ACS 2024 5-year B19013
FL,12109,St. Johns County,2015,66194,ACS 2015 5-year B19013
FL,12109,St. Johns County,2016,69523,ACS 2016 5-year B19013
FL,12109,St. Johns County,2017,73640,ACS 2017 5-year B19013
FL,12109,St. Johns County,2018,77323,ACS 2018 5-year B19013
FL,12109,St. Johns County,2019,82252,ACS 2019 5-year B19013
FL,12109,St. Johns County,2020,83803,ACS 2020 5-year B19013
FL,12109,St. Johns County,2021,88794,ACS 2021 5-year B19013
FL,12109,St. Johns County,2022,100020,ACS 2022 5-year B19013
FL,12109,St. Johns County,2023,106169,ACS 2023 5-year B19013
FL,12109,St. Johns County,2024,109839,ACS 2024 5-year B19013
FL,12111,St. Lucie County,2015,43459,ACS 2015 5-year B19013
FL,12111,St. Lucie County,2016,44140,ACS 2016 5-year B19013
FL,12111,St. Lucie County,2017,47132,ACS 2017 5-year B19013
FL,12111,St. Lucie County,2018,49373,ACS 2018 5-year B19013
FL,12111,St. Lucie County,2019,52322,ACS 2019 5-year B19013
FL,12111,St. Lucie County,2020,55237,ACS 2020 5-year B19013
FL,12111,St. Lucie County,2021,59807,ACS 2021 5-year B19013
FL,12111,St. Lucie County,2022,66154,ACS 2022 5-year B19013
FL,12111,St. Lucie County,2023,69027,ACS 2023 5-year B19013
FL,12111,St. Lucie County,2024,71457,ACS 2024 5-year B19013
FL,12113,Santa Rosa County,2015,58923,ACS 2015 5-year B19013
FL,12113,Santa Rosa County,2016,60652,ACS 2016 5-year B19013
FL,12113,Santa Rosa County,2017,62731,ACS 2017 5-year B19013
FL,12113,Santa Rosa County,2018,66242,ACS 2018 5-year B19013
FL,12113,Santa Rosa County,2019,67949,ACS 2019 5-year B19013
FL,12113,Santa Rosa County,2020,70663,ACS 2020 5-year B19013
FL,12113,Santa Rosa County,2021,77260,ACS 2021 5-year B19013
FL,12113,Santa Rosa County,2022,84715,ACS 2022 5-year B19013
FL,12113,Santa Rosa County,2023,88968,ACS 2023 5-year B19013
FL,12113,Santa Rosa County,2024,91922,ACS 2024 5-year B19013
FL,12115,Sarasota County,2015,51766,ACS 2015 5-year B19013
FL,12115,Sarasota County,2016,52796,ACS 2016 5-year B19013
FL,12115,Sarasota County,2017,55236,ACS 2017 5-year B19013
FL,12115,Sarasota County,2018,58644,ACS 2018 5-year B19013
FL,12115,Sarasota County,2019,62236,ACS 2019 5-year B19013
FL,12115,Sarasota County,2020,64644,ACS 2020 5-year B19013
FL,12115,Sarasota County,2021,69490,ACS 2021 5-year B19013
FL,12115,Sarasota County,2022,77213,ACS 2022 5-year B19013
FL,12115,Sarasota County,2023,80633,ACS 2023 5-year B19013
FL,12115,Sarasota County,2024,83416,ACS 2024 5-year B19013
FL,12117,Seminole County,2015,57010,ACS 2015 5-year B19013
FL,12117,Seminole County,2016,58538,ACS 2016 5-year B19013
FL,12117,Seminole County,2017,60739,ACS 2017 5-year B19013
FL,12117,Seminole County,2018,63760,ACS 2018 5-year B19013
FL,12117,Seminole County,2019,66768,ACS 2019 5-year B19013
FL,12117,Seminole County,2020,70297,ACS 2020 5-year B19013
FL,12117,Seminole County,2021,73002,ACS 2021 5-year B19013
FL,12117,Seminole County,2022,79490,ACS 2022 5-year B19013
FL,12117,Seminole County,2023,83030,ACS 2023 5-year B19013
FL,12117,Seminole County,2024,85761,ACS 2024 5-year B19013
FL,12119,Sumter County,2015,50350,ACS 2015 5-year B19013
FL,12119,Sumter County,2016,52594,ACS 2016 5-year B19013
FL,12119,Sumter County,2017,54771,ACS 2017 5-year B19013
FL,12119,Sumter County,2018,55228,ACS 2018 5-year B19013
FL,12119,Sumter County,2019,57226,ACS 2019 5-year B19013
FL,12119,Sumter County,2020,59618,ACS 2020 5-year B19013
FL,12119,Sumter County,2021,63323,ACS 2021 5-year B19013
FL,12119,Sumter County,2022,70105,ACS 2022 5-year B19013
FL,12119,Sumter County,2023,73297,ACS 2023 5-year B19013
FL,12119,Sumter County,2024,76508,ACS 2024 5-year B19013
FL,12121,Suwannee County,2015,36289,ACS 2015 5-year B19013
FL,12121,Suwannee County,2016,37796,ACS 2016 5-year B19013
FL,12121,Suwannee County,2017,40600,ACS 2017 5-year B19013
FL,12121,Suwannee County,2018,42686,ACS 2018 5-year B19013
FL,12121,Suwannee County,2019,47839,ACS 2019 5-year B19013
FL,12121,Suwannee County,2020,46280,ACS 2020 5-year B19013
FL,12121,Suwannee County,2021,47218,ACS 2021 5-year B19013
FL,12121,Suwannee County,2022,49729,ACS 2022 5-year B19013
FL,12121,Suwannee County,2023,55479,ACS 2023 5-year B19013
FL,12121,Suwannee County,2024,56658,ACS 2024 5-year B19013
FL,12123,Taylor County,2015,36181,ACS 2015 5-year B19013
FL,12123,Taylor County,2016,36195,ACS 2016 5-year B19013
FL,12123,Taylor County,2017,37188,ACS 2017 5-year B19013
FL,12123,Taylor County,2018,36934,ACS 2018 5-year B19013
FL,12123,Taylor County,2019,40306,ACS 2019 5-year B19013
FL,12123,Taylor County,2020,38295,ACS 2020 5-year B19013
FL,12123,Taylor County,2021,43563,ACS 2021 5-year B19013
FL,12123,Taylor County,2022,46239,ACS 2022 5-year B19013
FL,12123,Taylor County,2023,44985,ACS 2023 5-year B19013
FL,12123,Taylor County,2024,49073,ACS 2024 5-year B19013
FL,12125,Union County,2015,39163,ACS 2015 5-year B19013
FL,12125,Union County,2016,37778,ACS 2016 5-year B19013
FL,12125,Union County,2017,37460,ACS 2017 5-year B19013
FL,12125,Union County,2018,41770,ACS 2018 5-year B19013
FL,12125,Union County,2019,44270,ACS 2019 5-year B19013
FL,12125,Union County,2020,55139,ACS 2020 5-year B19013
FL,12125,Union County,2021,55463,ACS 2021 5-year B19013
FL,12125,Union County,2022,64043,ACS 2022 5-year B19013
FL,12125,Union County,2023,64922,ACS 2023 5-year B19013
FL,12125,Union County,2024,64146,ACS 2024 5-year B19013
FL,12127,Volusia County,2015,41117,ACS 2015 5-year B19013
FL,12127,Volusia County,2016,42240,ACS 2016 5-year B19013
FL,12127,Volusia County,2017,43838,ACS 2017 5-year B19013
FL,12127,Volusia County,2018,46760,ACS 2018 5-year B19013
FL,12127,Volusia County,2019,49494,ACS 2019 5-year B19013
FL,12127,Volusia County,2020,52407,ACS 2020 5-year B19013
FL,12127,Volusia County,2021,56786,ACS 2021 5-year B19013
FL,12127,Volusia County,2022,63075,ACS 2022 5-year B19013
FL,12127,Volusia County,2023,66581,ACS 2023 5-year B19013
FL,12127,Volusia County,2024,70044,ACS 2024 5-year B19013
FL,12129,Wakulla County,2015,50340,ACS 2015 5-year B19013
FL,12129,Wakulla County,2016,54078,ACS 2016 5-year B19013
FL,12129,Wakulla County,2017,57866,ACS 2017 5-year B19013
FL,12129,Wakulla County,2018,62778,ACS 2018 5-year B19013
FL,12129,Wakulla County,2019,61410,ACS 2019 5-year B19013
FL,12129,Wakulla County,2020,67480,ACS 2020 5-year B19013
FL,12129,Wakulla County,2021,72941,ACS 2021 5-year B19013
FL,12129,Wakulla County,2022,72035,ACS 2022 5-year B19013
FL,12129,Wakulla County,2023,74183,ACS 2023 5-year B19013
FL,12129,Wakulla County,2024,81895,ACS 2024 5-year B19013
FL,12131,Walton County,2015,44966,ACS 2015 5-year B19013
FL,12131,Walton County,2016,46910,ACS 2016 5-year B19013
FL,12131,Walton County,2017,50619,ACS 2017 5-year B19013
FL,12131,Walton County,2018,53785,ACS 2018 5-year B19013
FL,12131,Walton County,2019,58093,ACS 2019 5-year B19013
FL,12131,Walton County,2020,67390,ACS 2020 5-year B19013
FL,12131,Walton County,2021,68111,ACS 2021 5-year B19013
FL,12131,Walton County,2022,74832,ACS 2022 5-year B19013
FL,12131,Walton County,2023,79281,ACS 2023 5-year B19013
FL,12131,Walton County,2024,81986,ACS 2024 5-year B19013
FL,12133,Washington County,2015,38970,ACS 2015 5-year B19013
FL,12133,Washington County,2016,38330,ACS 2016 5-year B19013
FL,12133,Washington County,2017,36989,ACS 2017 5-year B19013
FL,12133,Washington County,2018,37188,ACS 2018 5-year B19013
FL,12133,Washington County,2019,37022,ACS 2019 5-year B19013
FL,12133,Washington County,2020,37260,ACS 2020 5-year B19013
FL,12133,Washington County,2021,41806,ACS 2021 5-year B19013
FL,12133,Washington County,2022,47536,ACS 2022 5-year B19013
FL,12133,Washington County,2023,52723,ACS 2023 5-year B19013
FL,12133,Washington County,2024,58210,ACS 2024 5-year B19013
