state,county_fips,county_name,year,typical_home_value,median_household_income,home_value_to_income_ratio,zillow_months_available,zillow_data_status,home_value_source,home_value_year_method,income_source
FL,12001,Alachua County,2015,159898.67,43073,3.7123,12,complete_12_months,Zillow ZHVI county,annual_mean_zhvi,ACS 2015 5-year B19013
FL,12001,Alachua County,2016,169945.18,44702,3.8017,12,complete_12_months,Zillow ZHVI county,annual_mean_zhvi,ACS 2016 5-year B19013
FL,12001,Alachua County,2017,183486.13,45478,4.0346,12,complete_12_months,Zillow ZHVI county,annual_mean_zhvi,ACS 2017 5-year B19013
FL,12001,Alachua County,2018,196693.83,49078,4.0078,12,complete_12_months,Zillow ZHVI county,annual_mean_zhvi,ACS 2018 5-year B19013
FL,12001,Alachua County,2019,206298.5,49689,4.1518,12,complete_12_months,Zillow ZHVI county,annual_mean_zhvi,ACS 2019 5-year B19013
FL,12001,Alachua County,2020,222412.68,50089,4.4403,12,complete_12_months,Zillow ZHVI county,annual_mean_zhvi,ACS 2020 5-year B19013
FL,12001,Alachua County,2021,254136.36,53314,4.7668,12,complete_12_months,Zillow ZHVI county,annual_mean_zhvi,ACS 2021 5-year B19013
FL,12001,Alachua County,2022,293518.92,57566,5.0988,12,complete_12_months,Zillow ZHVI county,annual_mean_zhvi,ACS 2022 5-year B19013
FL,12001,Alachua County,2023,307502.27,59659,5.1543,12,complete_12_months,Zillow ZHVI county,annual_mean_zhvi,ACS 2023 5-year B19013
FL,12001,Alachua County,2024,316681.56,61949,5.112,12,complete_12_months,Zillow ZHVI county,annual_mean_zhvi,ACS 2024 5-year B19013
FL,12003,Baker County,2015,149560.51,47121,3.174,12,complete_12_months,Zillow ZHVI county,annual_mean_zhvi,ACS 2015 5-year B19013
FL,12003,Baker County,2016,161840.63,53327,3.0349,12,complete_12_months,Zillow ZHVI county,annual_mean_zhvi,ACS 2016 5-year B19013
FL,12003,Baker County,2017,171980.06,59506,2.8901,12,complete_12_months,Zillow ZHVI county,annual_mean_zhvi,ACS 2017 5-year B19013
FL,12003,Baker County,2018,187037.14,61769,3.028,12,complete_12_months,Zillow ZHVI county,annual_mean_zhvi,ACS 2018 5-year B19013
FL,12003,Baker County,2019,202757.63,63275,3.2044,12,complete_12_months,Zillow ZHVI county,annual_mean_zhvi,ACS 2019 5-year B19013
FL,12003,Baker County,2020,221732.0,62299,3.5592,12,complete_12_months,Zillow ZHVI county,annual_mean_zhvi,ACS 2020 5-year B19013
FL,12003,Baker County,2021,258401.77,63860,4.0464,12,complete_12_months,Zillow ZHVI county,annual_mean_zhvi,ACS 2021 5-year B19013
FL,12003,Baker County,2022,303643.1,67872,4.4738,12,complete_12_months,Zillow ZHVI county,annual_mean_zhvi,ACS 2022 5-year B19013
FL,12003,Baker County,2023,302208.0,70833,4.2665,12,complete_12_months,Zillow ZHVI county,annual_mean_zhvi,ACS 2023 5-year B19013
FL,12003,Baker County,2024,308612.73,79836,3.8656,12,complete_12_months,Zillow ZHVI county,annual_mean_zhvi,ACS 2024 5-year B19013
FL,12005,Bay County,2015,178874.58,47368,3.7763,12,complete_12_months,Zillow ZHVI county,annual_mean_zhvi,ACS 2015 5-year B19013
FL,12005,Bay County,2016,188746.31,48577,3.8855,12,complete_12_months,Zillow ZHVI county,annual_mean_zhvi,ACS 2016 5-year B19013
FL,12005,Bay County,2017,196481.96,50283,3.9075,12,complete_12_months,Zillow ZHVI county,annual_mean_zhvi,ACS 2017 5-year B19013
FL,12005,Bay County,2018,212547.94,51829,4.1009,12,complete_12_months,Zillow ZHVI county,annual_mean_zhvi,ACS 2018 5-year B19013
FL,12005,Bay County,2019,222192.41,54316,4.0907,12,complete_12_months,Zillow ZHVI county,annual_mean_zhvi,ACS 2019 5-year B19013
FL,12005,Bay County,2020,246346.6,56483,4.3614,12,complete_12_months,Zillow ZHVI county,annual_mean_zhvi,ACS 2020 5-year B19013
FL,12005,Bay County,2021,286115.59,60473,4.7313,12,complete_12_months,Zillow ZHVI county,annual_mean_zhvi,ACS 2021 5-year B19013
FL,12005,Bay County,2022,351484.59,65999,5.3256,12,complete_12_months,Zillow ZHVI county,annual_mean_zhvi,ACS 2022 5-year B19013
FL,12005,Bay County,2023,367311.09,70188,5.2332,12,complete_12_months,Zillow ZHVI county,annual_mean_zhvi,ACS 2023 5-year B19013
FL,12005,Bay County,2024,363286.2,73533,4.9405,12,complete_12_months,Zillow ZHVI county,annual_mean_zhvi,ACS 2024 5-year B19013
FL,12007,Bradford County,2015,110775.55,41606,2.6625,12,complete_12_months,Zillow ZHVI county,annual_mean_zhvi,ACS 2015 5-year B19013
FL,12007,Bradford County,2016,118652.56,43373,2.7356,12,complete_12_months,Zillow ZHVI county,annual_mean_zhvi,ACS 2016 5-year B19013
FL,12007,Bradford County,2017,125500.89,46106,2.722,12,complete_12_months,Zillow ZHVI county,annual_mean_zhvi,ACS 2017 5-year B19013
FL,12007,Bradford County,2018,137300.3,46197,2.9721,12,complete_12_months,Zillow ZHVI county,annual_mean_zhvi,ACS 2018 5-year B19013
FL,12007,Bradford County,2019,145520.48,45921,3.1689,12,complete_12_months,Zillow ZHVI county,annual_mean_zhvi,ACS 2019 5-year B19013
FL,12007,Bradford County,2020,160292.38,43580,3.6781,12,complete_12_months,Zillow ZHVI county,annual_mean_zhvi,ACS 2020 5-year B19013
FL,12007,Bradford County,2021,188512.12,48803,3.8627,12,complete_12_months,Zillow ZHVI county,annual_mean_zhvi,ACS 2021 5-year B19013
FL,12007,Bradford County,2022,229053.43,54759,4.1829,12,complete_12_months,Zillow ZHVI county,annual_mean_zhvi,ACS 2022 5-year B19013
FL,12007,Bradford County,2023,240952.6,59740,4.0334,12,complete_12_months,Zillow ZHVI county,annual_mean_zhvi,ACS 2023 5-year B19013
FL,12007,Bradford County,2024,248939.63,63050,3.9483,12,complete_12_months,Zillow ZHVI county,annual_mean_zhvi,ACS 2024 5-year B19013
FL,12009,Brevard County,2015,159631.04,48925,3.2628,12,complete_12_months,Zillow ZHVI county,annual_mean_zhvi,ACS 2015 5-year B19013
FL,12009,Brevard County,2016,178448.91,49914,3.5751,12,complete_12_months,Zillow ZHVI county,annual_mean_zhvi,ACS 2016 5-year B19013
FL,12009,Brevard County,2017,198867.75,51536,3.8588,12,complete_12_months,Zillow ZHVI county,annual_mean_zhvi,ACS 2017 5-year B19013
FL,12009,Brevard County,2018,217667.11,54359,4.0043,12,complete_12_months,Zillow ZHVI county,annual_mean_zhvi,ACS 2018 5-year B19013
FL,12009,Brevard County,2019,226873.4,56775,3.996,12,complete_12_months,Zillow ZHVI county,annual_mean_zhvi,ACS 2019 5-year B19013
FL,12009,Brevard County,2020,241522.91,59359,4.0689,12,complete_12_months,Zillow ZHVI county,annual_mean_zhvi,ACS 2020 5-year B19013
FL,12009,Brevard County,2021,284959.6,63632,4.4782,12,complete_12_months,Zillow ZHVI county,annual_mean_zhvi,ACS 2021 5-year B19013
FL,12009,Brevard County,2022,351547.35,71308,4.93,12,complete_12_months,Zillow ZHVI county,annual_mean_zhvi,ACS 2022 5-year B19013
FL,12009,Brevard County,2023,362220.53,75817,4.7776,12,complete_12_months,Zillow ZHVI county,annual_mean_zhvi,ACS 2023 5-year B19013
FL,12009,Brevard County,2024,364123.61,78476,4.6399,12,complete_12_months,Zillow ZHVI county,annual_mean_zhvi,ACS 2024 5-year B19013
FL,12011,Broward County,2015,205938.01,51968,3.9628,12,complete_12_months,Zillow ZHVI county,annual_mean_zhvi,ACS 2015 5-year B19013
FL,12011,Broward County,2016,223416.22,52954,4.2191,12,complete_12_months,Zillow ZHVI county,annual_mean_zhvi,ACS 2016 5-year B19013
FL,12011,Broward County,2017,244837.27,54895,4.4601,12,complete_12_months,Zillow ZHVI county,annual_mean_zhvi,ACS 2017 5-year B19013
FL,12011,Broward County,2018,266337.37,57333,4.6454,12,complete_12_months,Zillow ZHVI county,annual_mean_zhvi,ACS 2018 5-year B19013
FL,12011,Broward County,2019,279590.28,59547,4.6953,12,complete_12_months,Zillow ZHVI county,annual_mean_zhvi,ACS 2019 5-year B19013
FL,12011,Broward County,2020,293735.88,60922,4.8215,12,complete_12_months,Zillow ZHVI county,annual_mean_zhvi,ACS 2020 5-year B19013
FL,12011,Broward County,2021,332975.67,64522,5.1607,12,complete_12_months,Zillow ZHVI county,annual_mean_zhvi,ACS 2021 5-year B19013
FL,12011,Broward County,2022,401668.88,70331,5.7111,12,complete_12_months,Zillow ZHVI county,annual_mean_zhvi,ACS 2022 5-year B19013
FL,12011,Broward County,2023,433489.73,74534,5.816,12,complete_12_months,Zillow ZHVI county,annual_mean_zhvi,ACS 2023 5-year B19013
FL,12011,Broward County,2024,453354.68,77633,5.8397,12,complete_12_months,Zillow ZHVI county,annual_mean_zhvi,ACS 2024 5-year B19013
FL,12013,Calhoun County,2015,95866.85,34510,2.7779,12,complete_12_months,Zillow ZHVI county,annual_mean_zhvi,ACS 2015 5-year B19013
FL,12013,Calhoun County,2016,99841.35,37089,2.6919,12,complete_12_months,Zillow ZHVI county,annual_mean_zhvi,ACS 2016 5-year B19013
FL,12013,Calhoun County,2017,107034.54,36237,2.9537,12,complete_12_months,Zillow ZHVI county,annual_mean_zhvi,ACS 2017 5-year B19013
FL,12013,Calhoun County,2018,114397.53,38609,2.963,12,complete_12_months,Zillow ZHVI county,annual_mean_zhvi,ACS 2018 5-year B19013
FL,12013,Calhoun County,2019,117909.42,38568,3.0572,12,complete_12_months,Zillow ZHVI county,annual_mean_zhvi,ACS 2019 5-year B19013
FL,12013,Calhoun County,2020,126743.94,38037,3.3321,12,complete_12_months,Zillow ZHVI county,annual_mean_zhvi,ACS 2020 5-year B19013
FL,12013,Calhoun County,2021,156080.13,38098,4.0968,12,complete_12_months,Zillow ZHVI county,annual_mean_zhvi,ACS 2021 5-year B19013
FL,12013,Calhoun County,2022,177915.75,41526,4.2844,12,complete_12_months,Zillow ZHVI county,annual_mean_zhvi,ACS 2022 5-year B19013
FL,12013,Calhoun County,2023,183623.15,46901,3.9151,12,complete_12_months,Zillow ZHVI county,annual_mean_zhvi,ACS 2023 5-year B19013
FL,12013,Calhoun County,2024,189020.82,50517,3.7417,12,complete_12_months,Zillow ZHVI county,annual_mean_zhvi,ACS 2024 5-year B19013
FL,12015,Charlotte County,2015,168909.53,44244,3.8177,12,complete_12_months,Zillow ZHVI county,annual_mean_zhvi,ACS 2015 5-year B19013
FL,12015,Charlotte County,2016,187729.36,44865,4.1843,12,complete_12_months,Zillow ZHVI county,annual_mean_zhvi,ACS 2016 5-year B19013
FL,12015,Charlotte County,2017,201043.66,46511,4.3225,12,complete_12_months,Zillow ZHVI county,annual_mean_zhvi,ACS 2017 5-year B19013
FL,12015,Charlotte County,2018,214021.65,49225,4.3478,12,complete_12_months,Zillow ZHVI county,annual_mean_zhvi,ACS 2018 5-year B19013
FL,12015,Charlotte County,2019,224292.09,51499,4.3553,12,complete_12_months,Zillow ZHVI county,annual_mean_zhvi,ACS 2019 5-year B19013
FL,12015,Charlotte County,2020,236236.41,52724,4.4806,12,complete_12_months,Zillow ZHVI county,annual_mean_zhvi,ACS 2020 5-year B19013
FL,12015,Charlotte County,2021,285965.67,57887,4.9401,12,complete_12_months,Zillow ZHVI county,annual_mean_zhvi,ACS 2021 5-year B19013
FL,12015,Charlotte County,2022,375550.49,62164,6.0413,12,complete_12_months,Zillow ZHVI county,annual_mean_zhvi,ACS 2022 5-year B19013
FL,12015,Charlotte County,2023,380184.06,66154,5.747,12,complete_12_months,Zillow ZHVI county,annual_mean_zhvi,ACS 2023 5-year B19013
FL,12015,Charlotte County,2024,363473.29,69952,5.196,12,complete_12_months,Zillow ZHVI county,annual_mean_zhvi,ACS 2024 5-year B19013
FL,12017,Citrus County,2015,118527.2,38312,3.0937,12,complete_12_months,Zillow ZHVI county,annual_mean_zhvi,ACS 2015 5-year B19013
FL,12017,Citrus County,2016,131137.4,39054,3.3578,12,complete_12_months,Zillow ZHVI county,annual_mean_zhvi,ACS 2016 5-year B19013
FL,12017,Citrus County,2017,143935.24,40574,3.5475,12,complete_12_months,Zillow ZHVI county,annual_mean_zhvi,ACS 2017 5-year B19013
FL,12017,Citrus County,2018,159786.24,41424,3.8573,12,complete_12_months,Zillow ZHVI county,annual_mean_zhvi,ACS 2018 5-year B19013
FL,12017,Citrus County,2019,168452.16,44237,3.8079,12,complete_12_months,Zillow ZHVI county,annual_mean_zhvi,ACS 2019 5-year B19013
FL,12017,Citrus County,2020,181252.73,45689,3.9671,12,complete_12_months,Zillow ZHVI county,annual_mean_zhvi,ACS 2020 5-year B19013
FL,12017,Citrus County,2021,222364.6,48664,4.5694,12,complete_12_months,Zillow ZHVI county,annual_mean_zhvi,ACS 2021 5-year B19013
FL,12017,Citrus County,2022,278580.58,52569,5.2993,12,complete_12_months,Zillow ZHVI county,annual_mean_zhvi,ACS 2022 5-year B19013
FL,12017,Citrus County,2023,287942.5,55355,5.2017,12,complete_12_months,Zillow ZHVI county,annual_mean_zhvi,ACS 2023 5-year B19013
FL,12017,Citrus County,2024,289773.99,56546,5.1246,12,complete_12_months,Zillow ZHVI county,annual_mean_zhvi,ACS 2024 5-year B19013
FL,12019,Clay County,2015,168471.66,58290,2.8902,12,complete_12_months,Zillow ZHVI county,annual_mean_zhvi,ACS 2015 5-year B19013
FL,12019,Clay County,2016,179137.87,59179,3.0271,12,complete_12_months,Zillow ZHVI county,annual_mean_zhvi,ACS 2016 5-year B19013
FL,12019,Clay County,2017,190914.76,61971,3.0807,12,complete_12_months,Zillow ZHVI county,annual_mean_zhvi,ACS 2017 5-year B19013
FL,12019,Clay County,2018,210254.94,62653,3.3559,12,complete_12_months,Zillow ZHVI county,annual_mean_zhvi,ACS 2018 5-year B19013
FL,12019,Clay County,2019,224165.86,65740,3.4099,12,complete_12_months,Zillow ZHVI county,annual_mean_zhvi,ACS 2019 5-year B19013
FL,12019,Clay County,2020,237792.98,68657,3.4635,12,complete_12_months,Zillow ZHVI county,annual_mean_zhvi,ACS 2020 5-year B19013
FL,12019,Clay County,2021,276646.96,74059,3.7355,12,complete_12_months,Zillow ZHVI county,annual_mean_zhvi,ACS 2021 5-year B19013
FL,12019,Clay County,2022,343897.55,82242,4.1815,12,complete_12_months,Zillow ZHVI county,annual_mean_zhvi,ACS 2022 5-year B19013
FL,12019,Clay County,2023,347879.24,86094,4.0407,12,complete_12_months,Zillow ZHVI county,annual_mean_zhvi,ACS 2023 5-year B19013
FL,12019,Clay County,2024,349623.97,87820,3.9811,12,complete_12_months,Zillow ZHVI county,annual_mean_zhvi,ACS 2024 5-year B19013
FL,12021,Collier County,2015,320589.48,57452,5.5801,12,complete_12_months,Zillow ZHVI county,annual_mean_zhvi,ACS 2015 5-year B19013
FL,12021,Collier County,2016,349440.2,59783,5.8451,12,complete_12_months,Zillow ZHVI county,annual_mean_zhvi,ACS 2016 5-year B19013
FL,12021,Collier County,2017,352605.72,62407,5.6501,12,complete_12_months,Zillow ZHVI county,annual_mean_zhvi,ACS 2017 5-year B19013
FL,12021,Collier County,2018,355721.87,65675,5.4164,12,complete_12_months,Zillow ZHVI county,annual_mean_zhvi,ACS 2018 5-year B19013
FL,12021,Collier County,2019,361228.11,69653,5.1861,12,complete_12_months,Zillow ZHVI county,annual_mean_zhvi,ACS 2019 5-year B19013
FL,12021,Collier County,2020,368178.59,70217,5.2434,12,complete_12_months,Zillow ZHVI county,annual_mean_zhvi,ACS 2020 5-year B19013
FL,12021,Collier County,2021,438017.72,75543,5.7983,12,complete_12_months,Zillow ZHVI county,annual_mean_zhvi,ACS 2021 5-year B19013
FL,12021,Collier County,2022,594546.08,82011,7.2496,12,complete_12_months,Zillow ZHVI county,annual_mean_zhvi,ACS 2022 5-year B19013
FL,12021,Collier County,2023,621089.56,86173,7.2075,12,complete_12_months,Zillow ZHVI county,annual_mean_zhvi,ACS 2023 5-year B19013
FL,12021,Collier County,2024,622624.96,90045,6.9146,12,complete_12_months,Zillow ZHVI county,annual_mean_zhvi,ACS 2024 5-year B19013
FL,12023,Columbia County,2015,122127.72,41926,2.9129,12,complete_12_months,Zillow ZHVI county,annual_mean_zhvi,ACS 2015 5-year B19013
FL,12023,Columbia County,2016,128756.76,42848,3.005,12,complete_12_months,Zillow ZHVI county,annual_mean_zhvi,ACS 2016 5-year B19013
FL,12023,Columbia County,2017,136968.38,43504,3.1484,12,complete_12_months,Zillow ZHVI county,annual_mean_zhvi,ACS 2017 5-year B19013
FL,12023,Columbia County,2018,150681.38,44491,3.3868,12,complete_12_months,Zillow ZHVI county,annual_mean_zhvi,ACS 2018 5-year B19013
FL,12023,Columbia County,2019,158342.73,46494,3.4057,12,complete_12_months,Zillow ZHVI county,annual_mean_zhvi,ACS 2019 5-year B19013
FL,12023,Columbia County,2020,175757.02,44818,3.9216,12,complete_12_months,Zillow ZHVI county,annual_mean_zhvi,ACS 2020 5-year B19013
FL,12023,Columbia County,2021,208140.48,47750,4.359,12,complete_12_months,Zillow ZHVI county,annual_mean_zhvi,ACS 2021 5-year B19013
FL,12023,Columbia County,2022,251638.26,53501,4.7034,12,complete_12_months,Zillow ZHVI county,annual_mean_zhvi,ACS 2022 5-year B19013
FL,12023,Columbia County,2023,259616.19,55070,4.7143,12,complete_12_months,Zillow ZHVI county,annual_mean_zhvi,ACS 2023 5-year B19013
FL,12023,Columbia County,2024,272131.74,59205,4.5964,12,complete_12_months,Zillow ZHVI county,annual_mean_zhvi,ACS 2024 5-year B19013
FL,12027,DeSoto County,2015,103341.36,35165,2.9388,12,complete_12_months,Zillow ZHVI county,annual_mean_zhvi,ACS 2015 5-year B19013
FL,12027,DeSoto County,2016,118462.65,35513,3.3358,12,complete_12_months,Zillow ZHVI county,annual_mean_zhvi,ACS 2016 5-year B19013
FL,12027,DeSoto County,2017,134413.44,35435,3.7932,12,complete_12_months,Zillow ZHVI county,annual_mean_zhvi,ACS 2017 5-year B19013
FL,12027,DeSoto County,2018,146415.63,35057,4.1765,12,complete_12_months,Zillow ZHVI county,annual_mean_zhvi,ACS 2018 5-year B19013
FL,12027,DeSoto County,2019,158060.37,35438,4.4602,12,complete_12_months,Zillow ZHVI county,annual_mean_zhvi,ACS 2019 5-year B19013
FL,12027,DeSoto County,2020,168115.77,36360,4.6236,12,complete_12_months,Zillow ZHVI county,annual_mean_zhvi,ACS 2020 5-year B19013
FL,12027,DeSoto County,2021,199962.04,39945,5.0059,12,complete_12_months,Zillow ZHVI county,annual_mean_zhvi,ACS 2021 5-year B19013
FL,12027,DeSoto County,2022,259017.02,45000,5.7559,12,complete_12_months,Zillow ZHVI county,annual_mean_zhvi,ACS 2022 5-year B19013
FL,12027,DeSoto County,2023,265995.31,50868,5.2291,12,complete_12_months,Zillow ZHVI county,annual_mean_zhvi,ACS 2023 5-year B19013
FL,12027,DeSoto County,2024,268936.42,54417,4.9421,12,complete_12_months,Zillow ZHVI county,annual_mean_zhvi,ACS 2024 5-year B19013
FL,12029,Dixie County,2015,100498.43,36292,2.7692,12,complete_12_months,Zillow ZHVI county,annual_mean_zhvi,ACS 2015 5-year B19013
FL,12029,Dixie County,2016,101931.2,34634,2.9431,12,complete_12_months,Zillow ZHVI county,annual_mean_zhvi,ACS 2016 5-year B19013
FL,12029,Dixie County,2017,105478.85,35910,2.9373,12,complete_12_months,Zillow ZHVI county,annual_mean_zhvi,ACS 2017 5-year B19013
FL,12029,Dixie County,2018,113922.11,38237,2.9794,12,complete_12_months,Zillow ZHVI county,annual_mean_zhvi,ACS 2018 5-year B19013
FL,12029,Dixie County,2019,125364.34,39828,3.1476,12,complete_12_months,Zillow ZHVI county,annual_mean_zhvi,ACS 2019 5-year B19013
FL,12029,Dixie County,2020,138585.81,41674,3.3255,12,complete_12_months,Zillow ZHVI county,annual_mean_zhvi,ACS 2020 5-year B19013
FL,12029,Dixie County,2021,171668.07,44287,3.8763,12,complete_12_months,Zillow ZHVI county,annual_mean_zhvi,ACS 2021 5-year B19013
FL,12029,Dixie County,2022,209844.6,45057,4.6573,12,complete_12_months,Zillow ZHVI county,annual_mean_zhvi,ACS 2022 5-year B19013
FL,12029,Dixie County,2023,206688.6,47655,4.3372,12,complete_12_months,Zillow ZHVI county,annual_mean_zhvi,ACS 2023 5-year B19013
FL,12029,Dixie County,2024,214847.21,50110,4.2875,12,complete_12_months,Zillow ZHVI county,annual_mean_zhvi,ACS 2024 5-year B19013
FL,12031,Duval County,2015,142835.63,47690,2.9951,12,complete_12_months,Zillow ZHVI county,annual_mean_zhvi,ACS 2015 5-year B19013
FL,12031,Duval County,2016,156197.43,49196,3.175,12,complete_12_months,Zillow ZHVI county,annual_mean_zhvi,ACS 2016 5-year B19013
FL,12031,Duval County,2017,171602.69,51296,3.3453,12,complete_12_months,Zillow ZHVI county,annual_mean_zhvi,ACS 2017 5-year B19013
FL,12031,Duval County,2018,187579.34,53473,3.5079,12,complete_12_months,Zillow ZHVI county,annual_mean_zhvi,ACS 2018 5-year B19013
FL,12031,Duval County,2019,200550.15,55807,3.5936,12,complete_12_months,Zillow ZHVI county,annual_mean_zhvi,ACS 2019 5-year B19013
FL,12031,Duval County,2020,212459.51,56769,3.7425,12,complete_12_months,Zillow ZHVI county,annual_mean_zhvi,ACS 2020 5-year B19013
FL,12031,Duval County,2021,247885.19,59541,4.1633,12,complete_12_months,Zillow ZHVI county,annual_mean_zhvi,ACS 2021 5-year B19013
FL,12031,Duval County,2022,306938.72,65579,4.6804,12,complete_12_months,Zillow ZHVI county,annual_mean_zhvi,ACS 2022 5-year B19013
FL,12031,Duval County,2023,311801.68,68447,4.5554,12,complete_12_months,Zillow ZHVI county,annual_mean_zhvi,ACS 2023 5-year B19013
FL,12031,Duval County,2024,312664.16,71277,4.3866,12,complete_12_months,Zillow ZHVI county,annual_mean_zhvi,ACS 2024 5-year B19013
FL,12033,Escambia County,2015,134523.76,45390,2.9637,12,complete_12_months,Zillow ZHVI county,annual_mean_zhvi,ACS 2015 5-year B19013
FL,12033,Escambia County,2016,143477.39,46117,3.1112,12,complete_12_months,Zillow ZHVI county,annual_mean_zhvi,ACS 2016 5-year B19013
FL,12033,Escambia County,2017,153858.55,47361,3.2486,12,complete_12_months,Zillow ZHVI county,annual_mean_zhvi,ACS 2017 5-year B19013
FL,12033,Escambia County,2018,165356.33,49286,3.355,12,complete_12_months,Zillow ZHVI county,annual_mean_zhvi,ACS 2018 5-year B19013
FL,12033,Escambia County,2019,178371.82,50915,3.5033,12,complete_12_months,Zillow ZHVI county,annual_mean_zhvi,ACS 2019 5-year B19013
FL,12033,Escambia County,2020,196932.65,53023,3.7141,12,complete_12_months,Zillow ZHVI county,annual_mean_zhvi,ACS 2020 5-year B19013
FL,12033,Escambia County,2021,231314.75,56605,4.0865,12,complete_12_months,Zillow ZHVI county,annual_mean_zhvi,ACS 2021 5-year B19013
FL,12033,Escambia County,2022,272808.84,61642,4.4257,12,complete_12_months,Zillow ZHVI county,annual_mean_zhvi,ACS 2022 5-year B19013
FL,12033,Escambia County,2023,283943.13,65715,4.3208,12,complete_12_months,Zillow ZHVI county,annual_mean_zhvi,ACS 2023 5-year B19013
FL,12033,Escambia County,2024,287760.55,67500,4.2631,12,complete_12_months,Zillow ZHVI county,annual_mean_zhvi,ACS 2024 5-year B19013
FL,12035,Flagler County,2015,188948.1,47866,3.9474,12,complete_12_months,Zillow ZHVI county,annual_mean_zhvi,ACS 2015 5-year B19013
FL,12035,Flagler County,2016,204396.23,48898,4.1801,12,complete_12_months,Zillow ZHVI county,annual_mean_zhvi,ACS 2016 5-year B19013
FL,12035,Flagler County,2017,219674.27,51049,4.3032,12,complete_12_months,Zillow ZHVI county,annual_mean_zhvi,ACS 2017 5-year B19013
FL,12035,Flagler County,2018,234391.59,53872,4.3509,12,complete_12_months,Zillow ZHVI county,annual_mean_zhvi,ACS 2018 5-year B19013
FL,12035,Flagler County,2019,247029.35,54514,4.5315,12,complete_12_months,Zillow ZHVI county,annual_mean_zhvi,ACS 2019 5-year B19013
FL,12035,Flagler County,2020,259413.36,57536,4.5087,12,complete_12_months,Zillow ZHVI county,annual_mean_zhvi,ACS 2020 5-year B19013
FL,12035,Flagler County,2021,312062.56,62305,5.0086,12,complete_12_months,Zillow ZHVI county,annual_mean_zhvi,ACS 2021 5-year B19013
FL,12035,Flagler County,2022,390430.51,69251,5.6379,12,complete_12_months,Zillow ZHVI county,annual_mean_zhvi,ACS 2022 5-year B19013
FL,12035,Flagler County,2023,386584.96,72923,5.3013,12,complete_12_months,Zillow ZHVI county,annual_mean_zhvi,ACS 2023 5-year B19013
FL,12035,Flagler County,2024,376166.23,77363,4.8624,12,complete_12_months,Zillow ZHVI county,annual_mean_zhvi,ACS 2024 5-year B19013
FL,12037,Franklin County,2015,226970.75,40401,5.6179,12,complete_12_months,Zillow ZHVI county,annual_mean_zhvi,ACS 2015 5-year B19013
FL,12037,Franklin County,2016,237023.28,40301,5.8813,12,complete_12_months,Zillow ZHVI county,annual_mean_zhvi,ACS 2016 5-year B19013
FL,12037,Franklin County,2017,247608.65,41267,6.0002,12,complete_12_months,Zillow ZHVI county,annual_mean_zhvi,ACS 2017 5-year B19013
FL,12037,Franklin County,2018,270514.65,42855,6.3123,12,complete_12_months,Zillow ZHVI county,annual_mean_zhvi,ACS 2018 5-year B19013
FL,12037,Franklin County,2019,290408.56,46643,6.2262,12,complete_12_months,Zillow ZHVI county,annual_mean_zhvi,ACS 2019 5-year B19013
FL,12037,Franklin County,2020,315474.08,48814,6.4628,12,complete_12_months,Zillow ZHVI county,annual_mean_zhvi,ACS 2020 5-year B19013
FL,12037,Franklin County,2021,379075.5,52679,7.196,12,complete_12_months,Zillow ZHVI county,annual_mean_zhvi,ACS 2021 5-year B19013
FL,12037,Franklin County,2022,453468.45,58107,7.804,12,complete_12_months,Zillow ZHVI county,annual_mean_zhvi,ACS 2022 5-year B19013
FL,12037,Franklin County,2023,448934.39,62734,7.1562,12,complete_12_months,Zillow ZHVI county,annual_mean_zhvi,ACS 2023 5-year B19013
FL,12037,Franklin County,2024,467993.85,64105,7.3004,12,complete_12_months,Zillow ZHVI county,annual_mean_zhvi,ACS 2024 5-year B19013
FL,12039,Gadsden County,2015,95564.6,35567,2.6869,12,complete_12_months,Zillow ZHVI county,annual_mean_zhvi,ACS 2015 5-year B19013
FL,12039,Gadsden County,2016,98700.07,38533,2.5614,12,complete_12_months,Zillow ZHVI county,annual_mean_zhvi,ACS 2016 5-year B19013
FL,12039,Gadsden County,2017,102196.56,39830,2.5658,12,complete_12_months,Zillow ZHVI county,annual_mean_zhvi,ACS 2017 5-year B19013
FL,12039,Gadsden County,2018,112370.34,40922,2.746,12,complete_12_months,Zillow ZHVI county,annual_mean_zhvi,ACS 2018 5-year B19013
FL,12039,Gadsden County,2019,122377.35,41401,2.9559,12,complete_12_months,Zillow ZHVI county,annual_mean_zhvi,ACS 2019 5-year B19013
FL,12039,Gadsden County,2020,133570.31,41135,3.2471,12,complete_12_months,Zillow ZHVI county,annual_mean_zhvi,ACS 2020 5-year B19013
FL,12039,Gadsden County,2021,152956.91,42661,3.5854,12,complete_12_months,Zillow ZHVI county,annual_mean_zhvi,ACS 2021 5-year B19013
FL,12039,Gadsden County,2022,180288.73,45721,3.9432,12,complete_12_months,Zillow ZHVI county,annual_mean_zhvi,ACS 2022 5-year B19013
FL,12039,Gadsden County,2023,195715.53,46047,4.2503,12,complete_12_months,Zillow ZHVI county,annual_mean_zhvi,ACS 2023 5-year B19013
FL,12039,Gadsden County,2024,207586.16,48801,4.2537,12,complete_12_months,Zillow ZHVI county,annual_mean_zhvi,ACS 2024 5-year B19013
FL,12041,Gilchrist County,2015,124333.15,40623,3.0607,12,complete_12_months,Zillow ZHVI county,annual_mean_zhvi,ACS 2015 5-year B19013
FL,12041,Gilchrist County,2016,131989.0,40881,3.2286,12,complete_12_months,Zillow ZHVI county,annual_mean_zhvi,ACS 2016 5-year B19013
FL,12041,Gilchrist County,2017,142841.64,42934,3.327,12,complete_12_months,Zillow ZHVI county,annual_mean_zhvi,ACS 2017 5-year B19013
FL,12041,Gilchrist County,2018,153867.6,42357,3.6326,12,complete_12_months,Zillow ZHVI county,annual_mean_zhvi,ACS 2018 5-year B19013
FL,12041,Gilchrist County,2019,163989.83,43640,3.7578,12,complete_12_months,Zillow ZHVI county,annual_mean_zhvi,ACS 2019 5-year B19013
FL,12041,Gilchrist County,2020,183084.57,47381,3.8641,12,complete_12_months,Zillow ZHVI county,annual_mean_zhvi,ACS 2020 5-year B19013
FL,12041,Gilchrist County,2021,222250.61,50983,4.3593,12,complete_12_months,Zillow ZHVI county,annual_mean_zhvi,ACS 2021 5-year B19013
FL,12041,Gilchrist County,2022,264391.75,56823,4.6529,12,complete_12_months,Zillow ZHVI county,annual_mean_zhvi,ACS 2022 5-year B19013
FL,12041,Gilchrist County,2023,281979.4,61070,4.6173,12,complete_12_months,Zillow ZHVI county,annual_mean_zhvi,ACS 2023 5-year B19013
FL,12041,Gilchrist County,2024,298233.15,63523,4.6949,12,complete_12_months,Zillow ZHVI county,annual_mean_zhvi,ACS 2024 5-year B19013
FL,12043,Glades County,2015,103655.04,34877,2.972,12,complete_12_months,Zillow ZHVI county,annual_mean_zhvi,ACS 2015 5-year B19013
FL,12043,Glades County,2016,114046.41,34143,3.3403,12,complete_12_months,Zillow ZHVI county,annual_mean_zhvi,ACS 2016 5-year B19013
FL,12043,Glades County,2017,122650.39,37385,3.2807,12,complete_12_months,Zillow ZHVI county,annual_mean_zhvi,ACS 2017 5-year B19013
FL,12043,Glades County,2018,133812.77,39879,3.3555,12,complete_12_months,Zillow ZHVI county,annual_mean_zhvi,ACS 2018 5-year B19013
FL,12043,Glades County,2019,143453.43,40977,3.5008,12,complete_12_months,Zillow ZHVI county,annual_mean_zhvi,ACS 2019 5-year B19013
FL,12043,Glades County,2020,156421.7,39709,3.9392,12,complete_12_months,Zillow ZHVI county,annual_mean_zhvi,ACS 2020 5-year B19013
FL,12043,Glades County,2021,187786.14,38088,4.9303,12,complete_12_months,Zillow ZHVI county,annual_mean_zhvi,ACS 2021 5-year B19013
FL,12043,Glades County,2022,237194.08,37221,6.3726,12,complete_12_months,Zillow ZHVI county,annual_mean_zhvi,ACS 2022 5-year B19013
FL,12043,Glades County,2023,256598.24,38905,6.5955,12,complete_12_months,Zillow ZHVI county,annual_mean_zhvi,ACS 2023 5-year B19013
FL,12043,Glades County,2024,271496.37,45870,5.9188,12,complete_12_months,Zillow ZHVI county,annual_mean_zhvi,ACS 2024 5-year B19013
FL,12045,Gulf County,2015,191932.58,41788,4.593,12,complete_12_months,Zillow ZHVI county,annual_mean_zhvi,ACS 2015 5-year B19013
FL,12045,Gulf County,2016,201740.95,40822,4.942,12,complete_12_months,Zillow ZHVI county,annual_mean_zhvi,ACS 2016 5-year B19013
FL,12045,Gulf County,2017,215769.32,44647,4.8328,12,complete_12_months,Zillow ZHVI county,annual_mean_zhvi,ACS 2017 5-year B19013
FL,12045,Gulf County,2018,247115.86,44291,5.5794,12,complete_12_months,Zillow ZHVI county,annual_mean_zhvi,ACS 2018 5-year B19013
FL,12045,Gulf County,2019,258757.67,47712,5.4233,12,complete_12_months,Zillow ZHVI county,annual_mean_zhvi,ACS 2019 5-year B19013
FL,12045,Gulf County,2020,273912.23,50640,5.409,12,complete_12_months,Zillow ZHVI county,annual_mean_zhvi,ACS 2020 5-year B19013
FL,12045,Gulf County,2021,321339.94,53812,5.9715,12,complete_12_months,Zillow ZHVI county,annual_mean_zhvi,ACS 2021 5-year B19013
FL,12045,Gulf County,2022,395712.21,56250,7.0349,12,complete_12_months,Zillow ZHVI county,annual_mean_zhvi,ACS 2022 5-year B19013
FL,12045,Gulf County,2023,424703.92,67361,6.3049,12,complete_12_months,Zillow ZHVI county,annual_mean_zhvi,ACS 2023 5-year B19013
FL,12045,Gulf County,2024,436142.97,61179,7.129,12,complete_12_months,Zillow ZHVI county,annual_mean_zhvi,ACS 2024 5-year B19013
FL,12047,Hamilton County,2015,86354.6,35048,2.4639,12,complete_12_months,Zillow ZHVI county,annual_mean_zhvi,ACS 2015 5-year B19013
FL,12047,Hamilton County,2016,93556.01,38980,2.4001,12,complete_12_months,Zillow ZHVI county,annual_mean_zhvi,ACS 2016 5-year B19013
FL,12047,Hamilton County,2017,99076.49,36209,2.7362,12,complete_12_months,Zillow ZHVI county,annual_mean_zhvi,ACS 2017 5-year B19013
FL,12047,Hamilton County,2018,102230.58,34583,2.9561,12,complete_12_months,Zillow ZHVI county,annual_mean_zhvi,ACS 2018 5-year B19013
FL,12047,Hamilton County,2019,108328.95,38569,2.8087,12,complete_12_months,Zillow ZHVI county,annual_mean_zhvi,ACS 2019 5-year B19013
FL,12047,Hamilton County,2020,119006.28,38300,3.1072,12,complete_12_months,Zillow ZHVI county,annual_mean_zhvi,ACS 2020 5-year B19013
FL,12047,Hamilton County,2021,146292.72,39346,3.7181,12,complete_12_months,Zillow ZHVI county,annual_mean_zhvi,ACS 2021 5-year B19013
FL,12047,Hamilton County,2022,181983.83,47668,3.8177,12,complete_12_months,Zillow ZHVI county,annual_mean_zhvi,ACS 2022 5-year B19013
FL,12047,Hamilton County,2023,194078.85,47696,4.0691,12,complete_12_months,Zillow ZHVI county,annual_mean_zhvi,ACS 2023 5-year B19013
FL,12047,Hamilton County,2024,202683.61,50144,4.042,12,complete_12_months,Zillow ZHVI county,annual_mean_zhvi,ACS 2024 5-year B19013
FL,12049,Hardee County,2015,93116.04,35457,2.6262,12,complete_12_months,Zillow ZHVI county,annual_mean_zhvi,ACS 2015 5-year B19013
FL,12049,Hardee County,2016,103264.84,36222,2.8509,12,complete_12_months,Zillow ZHVI county,annual_mean_zhvi,ACS 2016 5-year B19013
FL,12049,Hardee County,2017,110516.14,39063,2.8292,12,complete_12_months,Zillow ZHVI county,annual_mean_zhvi,ACS 2017 5-year B19013
FL,12049,Hardee County,2018,121967.94,37594,3.2443,12,complete_12_months,Zillow ZHVI county,annual_mean_zhvi,ACS 2018 5-year B19013
FL,12049,Hardee County,2019,130615.13,38682,3.3766,12,complete_12_months,Zillow ZHVI county,annual_mean_zhvi,ACS 2019 5-year B19013
FL,12049,Hardee County,2020,141740.03,40165,3.5289,12,complete_12_months,Zillow ZHVI county,annual_mean_zhvi,ACS 2020 5-year B19013
FL,12049,Hardee County,2021,169086.49,41395,4.0847,12,complete_12_months,Zillow ZHVI county,annual_mean_zhvi,ACS 2021 5-year B19013
FL,12049,Hardee County,2022,204913.3,44665,4.5878,12,complete_12_months,Zillow ZHVI county,annual_mean_zhvi,ACS 2022 5-year B19013
FL,12049,Hardee County,2023,215724.84,54231,3.9779,12,complete_12_months,Zillow ZHVI county,annual_mean_zhvi,ACS 2023 5-year B19013
FL,12049,Hardee County,2024,233418.48,60489,3.8589,12,complete_12_months,Zillow ZHVI county,annual_mean_zhvi,ACS 2024 5-year B19013
FL,12051,Hendry County,2015,97109.16,36771,2.6409,12,complete_12_months,Zillow ZHVI county,annual_mean_zhvi,ACS 2015 5-year B19013
FL,12051,Hendry County,2016,111858.29,37552,2.9788,12,complete_12_months,Zillow ZHVI county,annual_mean_zhvi,ACS 2016 5-year B19013
FL,12051,Hendry County,2017,125759.23,37966,3.3124,12,complete_12_months,Zillow ZHVI county,annual_mean_zhvi,ACS 2017 5-year B19013
FL,12051,Hendry County,2018,140523.37,40728,3.4503,12,complete_12_months,Zillow ZHVI county,annual_mean_zhvi,ACS 2018 5-year B19013
FL,12051,Hendry County,2019,153935.03,40820,3.7711,12,complete_12_months,Zillow ZHVI county,annual_mean_zhvi,ACS 2019 5-year B19013
FL,12051,Hendry County,2020,166603.46,36978,4.5055,12,complete_12_months,Zillow ZHVI county,annual_mean_zhvi,ACS 2020 5-year B19013
FL,12051,Hendry County,2021,199919.25,38843,5.1469,12,complete_12_months,Zillow ZHVI county,annual_mean_zhvi,ACS 2021 5-year B19013
FL,12051,Hendry County,2022,249759.99,49259,5.0703,12,complete_12_months,Zillow ZHVI county,annual_mean_zhvi,ACS 2022 5-year B19013
FL,12051,Hendry County,2023,275371.14,53044,5.1914,12,complete_12_months,Zillow ZHVI county,annual_mean_zhvi,ACS 2023 5-year B19013
FL,12051,Hendry County,2024,291896.59,56393,5.1761,12,complete_12_months,Zillow ZHVI county,annual_mean_zhvi,ACS 2024 5-year B19013
FL,12053,Hernando County,2015,120736.66,40945,2.9488,12,complete_12_months,Zillow ZHVI county,annual_mean_zhvi,ACS 2015 5-year B19013
FL,12053,Hernando County,2016,135346.29,42274,3.2016,12,complete_12_months,Zillow ZHVI county,annual_mean_zhvi,ACS 2016 5-year B19013
FL,12053,Hernando County,2017,151254.67,44324,3.4125,12,complete_12_months,Zillow ZHVI county,annual_mean_zhvi,ACS 2017 5-year B19013
FL,12053,Hernando County,2018,168146.66,46030,3.653,12,complete_12_months,Zillow ZHVI county,annual_mean_zhvi,ACS 2018 5-year B19013
FL,12053,Hernando County,2019,180158.73,48812,3.6909,12,complete_12_months,Zillow ZHVI county,annual_mean_zhvi,ACS 2019 5-year B19013
FL,12053,Hernando County,2020,197186.23,50280,3.9218,12,complete_12_months,Zillow ZHVI county,annual_mean_zhvi,ACS 2020 5-year B19013
FL,12053,Hernando County,2021,241867.18,53301,4.5378,12,complete_12_months,Zillow ZHVI county,annual_mean_zhvi,ACS 2021 5-year B19013
FL,12053,Hernando County,2022,314555.76,59202,5.3133,12,complete_12_months,Zillow ZHVI county,annual_mean_zhvi,ACS 2022 5-year B19013
FL,12053,Hernando County,2023,322641.87,63193,5.1057,12,complete_12_months,Zillow ZHVI county,annual_mean_zhvi,ACS 2023 5-year B19013
FL,12053,Hernando County,2024,328975.23,66058,4.9801,12,complete_12_months,Zillow ZHVI county,annual_mean_zhvi,ACS 2024 5-year B19013
FL,12055,Highlands County,2015,96209.5,35093,2.7416,12,complete_12_months,Zillow ZHVI county,annual_mean_zhvi,ACS 2015 5-year B19013
FL,12055,Highlands County,2016,107678.66,35865,3.0023,12,complete_12_months,Zillow ZHVI county,annual_mean_zhvi,ACS 2016 5-year B19013
FL,12055,Highlands County,2017,118793.48,36374,3.2659,12,complete_12_months,Zillow ZHVI county,annual_mean_zhvi,ACS 2017 5-year B19013
FL,12055,Highlands County,2018,129345.85,37314,3.4664,12,complete_12_months,Zillow ZHVI county,annual_mean_zhvi,ACS 2018 5-year B19013
FL,12055,Highlands County,2019,139433.03,40942,3.4056,12,complete_12_months,Zillow ZHVI county,annual_mean_zhvi,ACS 2019 5-year B19013
FL,12055,Highlands County,2020,149701.97,43708,3.425,12,complete_12_months,Zillow ZHVI county,annual_mean_zhvi,ACS 2020 5-year B19013
FL,12055,Highlands County,2021,177554.13,46895,3.7862,12,complete_12_months,Zillow ZHVI county,annual_mean_zhvi,ACS 2021 5-year B19013
FL,12055,Highlands County,2022,220175.33,53679,4.1017,12,complete_12_months,Zillow ZHVI county,annual_mean_zhvi,ACS 2022 5-year B19013
FL,12055,Highlands County,2023,234243.65,55581,4.2145,12,complete_12_months,Zillow ZHVI county,annual_mean_zhvi,ACS 2023 5-year B19013
FL,12055,Highlands County,2024,243995.74,54897,4.4446,12,complete_12_months,Zillow ZHVI county,annual_mean_zhvi,ACS 2024 5-year B19013
FL,12057,Hillsborough County,2015,177883.74,50579,3.5169,12,complete_12_months,Zillow ZHVI county,annual_mean_zhvi,ACS 2015 5-year B19013
FL,12057,Hillsborough County,2016,195441.5,51681,3.7817,12,complete_12_months,Zillow ZHVI county,annual_mean_zhvi,ACS 2016 5-year B19013
FL,12057,Hillsborough County,2017,213228.92,53742,3.9676,12,complete_12_months,Zillow ZHVI county,annual_mean_zhvi,ACS 2017 5-year B19013
FL,12057,Hillsborough County,2018,229836.7,56137,4.0942,12,complete_12_months,Zillow ZHVI county,annual_mean_zhvi,ACS 2018 5-year B19013
FL,12057,Hillsborough County,2019,240842.34,58884,4.0901,12,complete_12_months,Zillow ZHVI county,annual_mean_zhvi,ACS 2019 5-year B19013
FL,12057,Hillsborough County,2020,256699.02,60566,4.2383,12,complete_12_months,Zillow ZHVI county,annual_mean_zhvi,ACS 2020 5-year B19013
FL,12057,Hillsborough County,2021,305662.1,64164,4.7638,12,complete_12_months,Zillow ZHVI county,annual_mean_zhvi,ACS 2021 5-year B19013
FL,12057,Hillsborough County,2022,389209.25,70612,5.5119,12,complete_12_months,Zillow ZHVI county,annual_mean_zhvi,ACS 2022 5-year B19013
FL,12057,Hillsborough County,2023,397680.36,75011,5.3016,12,complete_12_months,Zillow ZHVI county,annual_mean_zhvi,ACS 2023 5-year B19013
FL,12057,Hillsborough County,2024,404526.91,79540,5.0858,12,complete_12_months,Zillow ZHVI county,annual_mean_zhvi,ACS 2024 5-year B19013
FL,12059,Holmes County,2015,97427.8,35020,2.7821,12,complete_12_months,Zillow ZHVI county,annual_mean_zhvi,ACS 2015 5-year B19013
FL,12059,Holmes County,2016,101380.5,37437,2.708,12,complete_12_months,Zillow ZHVI county,annual_mean_zhvi,ACS 2016 5-year B19013
FL,12059,Holmes County,2017,109599.05,37474,2.9247,12,complete_12_months,Zillow ZHVI county,annual_mean_zhvi,ACS 2017 5-year B19013
FL,12059,Holmes County,2018,114800.81,38608,2.9735,12,complete_12_months,Zillow ZHVI county,annual_mean_zhvi,ACS 2018 5-year B19013
FL,12059,Holmes County,2019,123677.71,39102,3.163,12,complete_12_months,Zillow ZHVI county,annual_mean_zhvi,ACS 2019 5-year B19013
FL,12059,Holmes County,2020,136458.72,39215,3.4798,12,complete_12_months,Zillow ZHVI county,annual_mean_zhvi,ACS 2020 5-year B19013
FL,12059,Holmes County,2021,163922.09,41809,3.9207,12,complete_12_months,Zillow ZHVI county,annual_mean_zhvi,ACS 2021 5-year B19013
FL,12059,Holmes County,2022,192058.25,46063,4.1695,12,complete_12_months,Zillow ZHVI county,annual_mean_zhvi,ACS 2022 5-year B19013
FL,12059,Holmes County,2023,187127.45,48236,3.8794,12,complete_12_months,Zillow ZHVI county,annual_mean_zhvi,ACS 2023 5-year B19013
FL,12059,Holmes County,2024,195722.63,49343,3.9666,12,complete_12_months,Zillow ZHVI county,annual_mean_zhvi,ACS 2024 5-year B19013
FL,12061,Indian River County,2015,176818.38,45798,3.8608,12,complete_12_months,Zillow ZHVI county,annual_mean_zhvi,ACS 2015 5-year B19013
FL,12061,Indian River County,2016,195524.26,47446,4.121,12,complete_12_months,Zillow ZHVI county,annual_mean_zhvi,ACS 2016 5-year B19013
FL,12061,Indian River County,2017,215426.7,49009,4.3957,12,complete_12_months,Zillow ZHVI county,annual_mean_zhvi,ACS 2017 5-year B19013
FL,12061,Indian River County,2018,233954.91,52336,4.4702,12,complete_12_months,Zillow ZHVI county,annual_mean_zhvi,ACS 2018 5-year B19013
FL,12061,Indian River County,2019,244854.84,54740,4.4731,12,complete_12_months,Zillow ZHVI county,annual_mean_zhvi,ACS 2019 5-year B19013
FL,12061,Indian River County,2020,255767.03,57945,4.414,12,complete_12_months,Zillow ZHVI county,annual_mean_zhvi,ACS 2020 5-year B19013
FL,12061,Indian River County,2021,298642.02,61594,4.8486,12,complete_12_months,Zillow ZHVI county,annual_mean_zhvi,ACS 2021 5-year B19013
FL,12061,Indian River County,2022,379296.69,67543,5.6156,12,complete_12_months,Zillow ZHVI county,annual_mean_zhvi,ACS 2022 5-year B19013
FL,12061,Indian River County,2023,393112.25,71049,5.533,12,complete_12_months,Zillow ZHVI county,annual_mean_zhvi,ACS 2023 5-year B19013
FL,12061,Indian River County,2024,394498.4,73491,5.368,12,complete_12_months,Zillow ZHVI county,annual_mean_zhvi,ACS 2024 5-year B19013
FL,12063,Jackson County,2015,91901.17,35098,2.6184,12,complete_12_months,Zillow ZHVI county,annual_mean_zhvi,ACS 2015 5-year B19013
FL,12063,Jackson County,2016,99562.86,35470,2.807,12,complete_12_months,Zillow ZHVI county,annual_mean_zhvi,ACS 2016 5-year B19013
FL,12063,Jackson County,2017,102125.77,36944,2.7643,12,complete_12_months,Zillow ZHVI county,annual_mean_zhvi,ACS 2017 5-year B19013
FL,12063,Jackson County,2018,108683.69,39002,2.7866,12,complete_12_months,Zillow ZHVI county,annual_mean_zhvi,ACS 2018 5-year B19013
FL,12063,Jackson County,2019,117305.25,39872,2.942,12,complete_12_months,Zillow ZHVI county,annual_mean_zhvi,ACS 2019 5-year B19013
FL,12063,Jackson County,2020,126435.2,40754,3.1024,12,complete_12_months,Zillow ZHVI county,annual_mean_zhvi,ACS 2020 5-year B19013
FL,12063,Jackson County,2021,151136.68,43416,3.4811,12,complete_12_months,Zillow ZHVI county,annual_mean_zhvi,ACS 2021 5-year B19013
FL,12063,Jackson County,2022,175051.06,46144,3.7936,12,complete_12_months,Zillow ZHVI county,annual_mean_zhvi,ACS 2022 5-year B19013
FL,12063,Jackson County,2023,177494.09,47327,3.7504,12,complete_12_months,Zillow ZHVI county,annual_mean_zhvi,ACS 2023 5-year B19013
FL,12063,Jackson County,2024,182571.5,49149,3.7147,12,complete_12_months,Zillow ZHVI county,annual_mean_zhvi,ACS 2024 5-year B19013
FL,12065,Jefferson County,2015,142524.28,43355,3.2874,12,complete_12_months,Zillow ZHVI county,annual_mean_zhvi,ACS 2015 5-year B19013
FL,12065,Jefferson County,2016,152817.64,41696,3.665,12,complete_12_months,Zillow ZHVI county,annual_mean_zhvi,ACS 2016 5-year B19013
FL,12065,Jefferson County,2017,154897.83,47599,3.2542,12,complete_12_months,Zillow ZHVI county,annual_mean_zhvi,ACS 2017 5-year B19013
FL,12065,Jefferson County,2018,156609.27,48173,3.251,12,complete_12_months,Zillow ZHVI county,annual_mean_zhvi,ACS 2018 5-year B19013
FL,12065,Jefferson County,2019,168456.31,47240,3.566,12,complete_12_months,Zillow ZHVI county,annual_mean_zhvi,ACS 2019 5-year B19013
FL,12065,Jefferson County,2020,195578.24,49081,3.9848,12,complete_12_months,Zillow ZHVI county,annual_mean_zhvi,ACS 2020 5-year B19013
FL,12065,Jefferson County,2021,229396.44,53080,4.3217,12,complete_12_months,Zillow ZHVI county,annual_mean_zhvi,ACS 2021 5-year B19013
FL,12065,Jefferson County,2022,271350.46,51573,5.2615,12,complete_12_months,Zillow ZHVI county,annual_mean_zhvi,ACS 2022 5-year B19013
FL,12065,Jefferson County,2023,287801.39,56984,5.0506,12,complete_12_months,Zillow ZHVI county,annual_mean_zhvi,ACS 2023 5-year B19013
FL,12065,Jefferson County,2024,299444.0,61212,4.8919,12,complete_12_months,Zillow ZHVI county,annual_mean_zhvi,ACS 2024 5-year B19013
FL,12067,Lafayette County,2015,120154.69,35864,3.3503,12,complete_12_months,Zillow ZHVI county,annual_mean_zhvi,ACS 2015 5-year B19013
FL,12067,Lafayette County,2016,127899.09,36236,3.5296,12,complete_12_months,Zillow ZHVI county,annual_mean_zhvi,ACS 2016 5-year B19013
FL,12067,Lafayette County,2017,132992.7,41512,3.2037,12,complete_12_months,Zillow ZHVI county,annual_mean_zhvi,ACS 2017 5-year B19013
FL,12067,Lafayette County,2018,137559.71,39543,3.4787,12,complete_12_months,Zillow ZHVI county,annual_mean_zhvi,ACS 2018 5-year B19013
FL,12067,Lafayette County,2019,143626.71,50165,2.8631,12,complete_12_months,Zillow ZHVI county,annual_mean_zhvi,ACS 2019 5-year B19013
FL,12067,Lafayette County,2020,157971.83,51734,3.0535,12,complete_12_months,Zillow ZHVI county,annual_mean_zhvi,ACS 2020 5-year B19013
FL,12067,Lafayette County,2021,193884.92,56458,3.4341,12,complete_12_months,Zillow ZHVI county,annual_mean_zhvi,ACS 2021 5-year B19013
FL,12067,Lafayette County,2022,230012.88,57852,3.9759,12,complete_12_months,Zillow ZHVI county,annual_mean_zhvi,ACS 2022 5-year B19013
FL,12067,Lafayette County,2023,229063.96,60692,3.7742,12,complete_12_months,Zillow ZHVI county,annual_mean_zhvi,ACS 2023 5-year B19013
FL,12067,Lafayette County,2024,251535.41,62757,4.0081,12,complete_12_months,Zillow ZHVI county,annual_mean_zhvi,ACS 2024 5-year B19013
FL,12069,Lake County,2015,177964.02,46403,3.8352,12,complete_12_months,Zillow ZHVI county,annual_mean_zhvi,ACS 2015 5-year B19013
FL,12069,Lake County,2016,192907.1,47141,4.0921,12,complete_12_months,Zillow ZHVI county,annual_mean_zhvi,ACS 2016 5-year B19013
FL,12069,Lake County,2017,208712.06,49734,4.1966,12,complete_12_months,Zillow ZHVI county,annual_mean_zhvi,ACS 2017 5-year B19013
FL,12069,Lake County,2018,226291.67,51884,4.3615,12,complete_12_months,Zillow ZHVI county,annual_mean_zhvi,ACS 2018 5-year B19013
FL,12069,Lake County,2019,241730.49,54513,4.4344,12,complete_12_months,Zillow ZHVI county,annual_mean_zhvi,ACS 2019 5-year B19013
FL,12069,Lake County,2020,256712.04,55792,4.6012,12,complete_12_months,Zillow ZHVI county,annual_mean_zhvi,ACS 2020 5-year B19013
FL,12069,Lake County,2021,294685.77,60013,4.9104,12,complete_12_months,Zillow ZHVI county,annual_mean_zhvi,ACS 2021 5-year B19013
FL,12069,Lake County,2022,367193.88,66239,5.5435,12,complete_12_months,Zillow ZHVI county,annual_mean_zhvi,ACS 2022 5-year B19013
FL,12069,Lake County,2023,378190.18,69956,5.4061,12,complete_12_months,Zillow ZHVI county,annual_mean_zhvi,ACS 2023 5-year B19013
FL,12069,Lake County,2024,382924.56,73161,5.234,12,complete_12_months,Zillow ZHVI county,annual_mean_zhvi,ACS 2024 5-year B19013
FL,12071,Lee County,2015,195847.58,48537,4.035,12,complete_12_months,Zillow ZHVI county,annual_mean_zhvi,ACS 2015 5-year B19013
FL,12071,Lee County,2016,218293.57,50390,4.3321,12,complete_12_months,Zillow ZHVI county,annual_mean_zhvi,ACS 2016 5-year B19013
FL,12071,Lee County,2017,229086.82,52052,4.4011,12,complete_12_months,Zillow ZHVI county,annual_mean_zhvi,ACS 2017 5-year B19013
FL,12071,Lee County,2018,236018.71,54691,4.3155,12,complete_12_months,Zillow ZHVI county,annual_mean_zhvi,ACS 2018 5-year B19013
FL,12071,Lee County,2019,240165.47,57832,4.1528,12,complete_12_months,Zillow ZHVI county,annual_mean_zhvi,ACS 2019 5-year B19013
FL,12071,Lee County,2020,248652.66,59608,4.1715,12,complete_12_months,Zillow ZHVI county,annual_mean_zhvi,ACS 2020 5-year B19013
FL,12071,Lee County,2021,298578.63,63235,4.7217,12,complete_12_months,Zillow ZHVI county,annual_mean_zhvi,ACS 2021 5-year B19013
FL,12071,Lee County,2022,394236.91,69368,5.6833,12,complete_12_months,Zillow ZHVI county,annual_mean_zhvi,ACS 2022 5-year B19013
FL,12071,Lee County,2023,406115.44,73099,5.5557,12,complete_12_months,Zillow ZHVI county,annual_mean_zhvi,ACS 2023 5-year B19013
FL,12071,Lee County,2024,395545.18,76107,5.1972,12,complete_12_months,Zillow ZHVI county,annual_mean_zhvi,ACS 2024 5-year B19013
FL,12073,Leon County,2015,169759.8,46745,3.6316,12,complete_12_months,Zillow ZHVI county,annual_mean_zhvi,ACS 2015 5-year B19013
FL,12073,Leon County,2016,178950.91,48248,3.709,12,complete_12_months,Zillow ZHVI county,annual_mean_zhvi,ACS 2016 5-year B19013
FL,12073,Leon County,2017,187790.43,49941,3.7602,12,complete_12_months,Zillow ZHVI county,annual_mean_zhvi,ACS 2017 5-year B19013
FL,12073,Leon County,2018,197205.13,51201,3.8516,12,complete_12_months,Zillow ZHVI county,annual_mean_zhvi,ACS 2018 5-year B19013
FL,12073,Leon County,2019,207685.99,53106,3.9108,12,complete_12_months,Zillow ZHVI county,annual_mean_zhvi,ACS 2019 5-year B19013
FL,12073,Leon County,2020,222283.94,54675,4.0655,12,complete_12_months,Zillow ZHVI county,annual_mean_zhvi,ACS 2020 5-year B19013
FL,12073,Leon County,2021,245762.79,57359,4.2846,12,complete_12_months,Zillow ZHVI county,annual_mean_zhvi,ACS 2021 5-year B19013
FL,12073,Leon County,2022,274826.23,61317,4.4821,12,complete_12_months,Zillow ZHVI county,annual_mean_zhvi,ACS 2022 5-year B19013
FL,12073,Leon County,2023,287473.64,65074,4.4176,12,complete_12_months,Zillow ZHVI county,annual_mean_zhvi,ACS 2023 5-year B19013
FL,12073,Leon County,2024,297606.48,66287,4.4897,12,complete_12_months,Zillow ZHVI county,annual_mean_zhvi,ACS 2024 5-year B19013
FL,12075,Levy County,2015,124329.49,35782,3.4746,12,complete_12_months,Zillow ZHVI county,annual_mean_zhvi,ACS 2015 5-year B19013
FL,12075,Levy County,2016,133054.4,35480,3.7501,12,complete_12_months,Zillow ZHVI county,annual_mean_zhvi,ACS 2016 5-year B19013
FL,12075,Levy County,2017,140285.79,36554,3.8378,12,complete_12_months,Zillow ZHVI county,annual_mean_zhvi,ACS 2017 5-year B19013
FL,12075,Levy County,2018,152087.46,37634,4.0412,12,complete_12_months,Zillow ZHVI county,annual_mean_zhvi,ACS 2018 5-year B19013
FL,12075,Levy County,2019,172111.48,37326,4.611,12,complete_12_months,Zillow ZHVI county,annual_mean_zhvi,ACS 2019 5-year B19013
FL,12075,Levy County,2020,189200.8,38951,4.8574,12,complete_12_months,Zillow ZHVI county,annual_mean_zhvi,ACS 2020 5-year B19013
FL,12075,Levy County,2021,225193.69,43029,5.2335,12,complete_12_months,Zillow ZHVI county,annual_mean_zhvi,ACS 2021 5-year B19013
FL,12075,Levy County,2022,272646.05,49933,5.4602,12,complete_12_months,Zillow ZHVI county,annual_mean_zhvi,ACS 2022 5-year B19013
FL,12075,Levy County,2023,286182.34,53805,5.3189,12,complete_12_months,Zillow ZHVI county,annual_mean_zhvi,ACS 2023 5-year B19013
FL,12075,Levy County,2024,300919.48,56750,5.3025,12,complete_12_months,Zillow ZHVI county,annual_mean_zhvi,ACS 2024 5-year B19013
FL,12077,Liberty County,2015,100413.98,39406,2.5482,12,complete_12_months,Zillow ZHVI county,annual_mean_zhvi,ACS 2015 5-year B19013
FL,12077,Liberty County,2016,109070.82,37917,2.8766,12,complete_12_months,Zillow ZHVI county,annual_mean_zhvi,ACS 2016 5-year B19013
FL,12077,Liberty County,2017,112330.58,36741,3.0574,12,complete_12_months,Zillow ZHVI county,annual_mean_zhvi,ACS 2017 5-year B19013
FL,12077,Liberty County,2018,118056.86,37363,3.1597,12,complete_12_months,Zillow ZHVI county,annual_mean_zhvi,ACS 2018 5-year B19013
FL,12077,Liberty County,2019,121569.41,38015,3.1979,12,complete_12_months,Zillow ZHVI county,annual_mean_zhvi,ACS 2019 5-year B19013
FL,12077,Liberty County,2020,129845.13,39121,3.3191,12,complete_12_months,Zillow ZHVI county,annual_mean_zhvi,ACS 2020 5-year B19013
FL,12077,Liberty County,2021,153945.67,42438,3.6275,12,complete_12_months,Zillow ZHVI county,annual_mean_zhvi,ACS 2021 5-year B19013
FL,12077,Liberty County,2022,177489.23,51723,3.4315,12,complete_12_months,Zillow ZHVI county,annual_mean_zhvi,ACS 2022 5-year B19013
FL,12077,Liberty County,2023,186498.93,53824,3.465,12,complete_12_months,Zillow ZHVI county,annual_mean_zhvi,ACS 2023 5-year B19013
FL,12077,Liberty County,2024,199916.81,58671,3.4074,12,complete_12_months,Zillow ZHVI county,annual_mean_zhvi,ACS 2024 5-year B19013
FL,12079,Madison County,2015,100108.11,32164,3.1124,12,complete_12_months,Zillow ZHVI county,annual_mean_zhvi,ACS 2015 5-year B19013
FL,12079,Madison County,2016,107821.88,29806,3.6175,12,complete_12_months,Zillow ZHVI county,annual_mean_zhvi,ACS 2016 5-year B19013
FL,12079,Madison County,2017,113589.31,31816,3.5702,12,complete_12_months,Zillow ZHVI county,annual_mean_zhvi,ACS 2017 5-year B19013
FL,12079,Madison County,2018,116059.44,35509,3.2685,12,complete_12_months,Zillow ZHVI county,annual_mean_zhvi,ACS 2018 5-year B19013
FL,12079,Madison County,2019,124553.5,37037,3.3629,12,complete_12_months,Zillow ZHVI county,annual_mean_zhvi,ACS 2019 5-year B19013
FL,12079,Madison County,2020,135372.02,35240,3.8414,12,complete_12_months,Zillow ZHVI county,annual_mean_zhvi,ACS 2020 5-year B19013
FL,12079,Madison County,2021,164811.78,39503,4.1721,12,complete_12_months,Zillow ZHVI county,annual_mean_zhvi,ACS 2021 5-year B19013
FL,12079,Madison County,2022,201888.06,43386,4.6533,12,complete_12_months,Zillow ZHVI county,annual_mean_zhvi,ACS 2022 5-year B19013
FL,12079,Madison County,2023,204305.19,48176,4.2408,12,complete_12_months,Zillow ZHVI county,annual_mean_zhvi,ACS 2023 5-year B19013
FL,12079,Madison County,2024,212296.4,48485,4.3786,12,complete_12_months,Zillow ZHVI county,annual_mean_zhvi,ACS 2024 5-year B19013
FL,12081,Manatee County,2015,223961.86,49675,4.5085,12,complete_12_months,Zillow ZHVI county,annual_mean_zhvi,ACS 2015 5-year B19013
FL,12081,Manatee County,2016,244063.7,51483,4.7407,12,complete_12_months,Zillow ZHVI county,annual_mean_zhvi,ACS 2016 5-year B19013
FL,12081,Manatee County,2017,257636.03,53408,4.8239,12,complete_12_months,Zillow ZHVI county,annual_mean_zhvi,ACS 2017 5-year B19013
FL,12081,Manatee County,2018,269858.08,56036,4.8158,12,complete_12_months,Zillow ZHVI county,annual_mean_zhvi,ACS 2018 5-year B19013
FL,12081,Manatee County,2019,280054.45,59009,4.746,12,complete_12_months,Zillow ZHVI county,annual_mean_zhvi,ACS 2019 5-year B19013
FL,12081,Manatee County,2020,292490.7,59963,4.8779,12,complete_12_months,Zillow ZHVI county,annual_mean_zhvi,ACS 2020 5-year B19013
FL,12081,Manatee County,2021,347187.24,64964,5.3443,12,complete_12_months,Zillow ZHVI county,annual_mean_zhvi,ACS 2021 5-year B19013
FL,12081,Manatee County,2022,457948.66,71385,6.4152,12,complete_12_months,Zillow ZHVI county,annual_mean_zhvi,ACS 2022 5-year B19013
FL,12081,Manatee County,2023,471037.54,75792,6.2149,12,complete_12_months,Zillow ZHVI county,annual_mean_zhvi,ACS 2023 5-year B19013
FL,12081,Manatee County,2024,462508.81,78457,5.8951,12,complete_12_months,Zillow ZHVI county,annual_mean_zhvi,ACS 2024 5-year B19013
FL,12083,Marion County,2015,122529.03,39459,3.1052,12,complete_12_months,Zillow ZHVI county,annual_mean_zhvi,ACS 2015 5-year B19013
FL,12083,Marion County,2016,133679.51,40295,3.3175,12,complete_12_months,Zillow ZHVI county,annual_mean_zhvi,ACS 2016 5-year B19013
FL,12083,Marion County,2017,145787.54,41964,3.4741,12,complete_12_months,Zillow ZHVI county,annual_mean_zhvi,ACS 2017 5-year B19013
FL,12083,Marion County,2018,159215.21,43361,3.6719,12,complete_12_months,Zillow ZHVI county,annual_mean_zhvi,ACS 2018 5-year B19013
FL,12083,Marion County,2019,169556.49,45371,3.7371,12,complete_12_months,Zillow ZHVI county,annual_mean_zhvi,ACS 2019 5-year B19013
FL,12083,Marion County,2020,181297.94,46587,3.8916,12,complete_12_months,Zillow ZHVI county,annual_mean_zhvi,ACS 2020 5-year B19013
FL,12083,Marion County,2021,215116.04,50808,4.2339,12,complete_12_months,Zillow ZHVI county,annual_mean_zhvi,ACS 2021 5-year B19013
FL,12083,Marion County,2022,276114.83,55265,4.9962,12,complete_12_months,Zillow ZHVI county,annual_mean_zhvi,ACS 2022 5-year B19013
FL,12083,Marion County,2023,287957.51,58535,4.9194,12,complete_12_months,Zillow ZHVI county,annual_mean_zhvi,ACS 2023 5-year B19013
FL,12083,Marion County,2024,287821.13,61010,4.7176,12,complete_12_months,Zillow ZHVI county,annual_mean_zhvi,ACS 2024 5-year B19013
FL,12085,Martin County,2015,220827.18,51593,4.2802,12,complete_12_months,Zillow ZHVI county,annual_mean_zhvi,ACS 2015 5-year B19013
FL,12085,Martin County,2016,245381.83,52622,4.6631,12,complete_12_months,Zillow ZHVI county,annual_mean_zhvi,ACS 2016 5-year B19013
FL,12085,Martin County,2017,265273.61,55588,4.7721,12,complete_12_months,Zillow ZHVI county,annual_mean_zhvi,ACS 2017 5-year B19013
FL,12085,Martin County,2018,281055.68,57959,4.8492,12,complete_12_months,Zillow ZHVI county,annual_mean_zhvi,ACS 2018 5-year B19013
FL,12085,Martin County,2019,290653.5,61133,4.7544,12,complete_12_months,Zillow ZHVI county,annual_mean_zhvi,ACS 2019 5-year B19013
FL,12085,Martin County,2020,306003.52,65821,4.649,12,complete_12_months,Zillow ZHVI county,annual_mean_zhvi,ACS 2020 5-year B19013
FL,12085,Martin County,2021,360290.3,69769,5.164,12,complete_12_months,Zillow ZHVI county,annual_mean_zhvi,ACS 2021 5-year B19013
FL,12085,Martin County,2022,453950.93,77894,5.8278,12,complete_12_months,Zillow ZHVI county,annual_mean_zhvi,ACS 2022 5-year B19013
FL,12085,Martin County,2023,479714.31,80701,5.9443,12,complete_12_months,Zillow ZHVI county,annual_mean_zhvi,ACS 2023 5-year B19013
FL,12085,Martin County,2024,483617.71,82943,5.8307,12,complete_12_months,Zillow ZHVI county,annual_mean_zhvi,ACS 2024 5-year B19013
FL,12086,Miami-Dade County,2015,242822.07,43129,5.6301,12,complete_12_months,Zillow ZHVI county,annual_mean_zhvi,ACS 2015 5-year B19013
FL,12086,Miami-Dade County,2016,266705.47,44224,6.0308,12,complete_12_months,Zillow ZHVI county,annual_mean_zhvi,ACS 2016 5-year B19013
FL,12086,Miami-Dade County,2017,285659.95,46338,6.1647,12,complete_12_months,Zillow ZHVI county,annual_mean_zhvi,ACS 2017 5-year B19013
FL,12086,Miami-Dade County,2018,303900.11,48982,6.2043,12,complete_12_months,Zillow ZHVI county,annual_mean_zhvi,ACS 2018 5-year B19013
FL,12086,Miami-Dade County,2019,316442.99,51347,6.1628,12,complete_12_months,Zillow ZHVI county,annual_mean_zhvi,ACS 2019 5-year B19013
FL,12086,Miami-Dade County,2020,333149.51,53975,6.1723,12,complete_12_months,Zillow ZHVI county,annual_mean_zhvi,ACS 2020 5-year B19013
FL,12086,Miami-Dade County,2021,376535.29,57815,6.5128,12,complete_12_months,Zillow ZHVI county,annual_mean_zhvi,ACS 2021 5-year B19013
FL,12086,Miami-Dade County,2022,458450.97,64215,7.1393,12,complete_12_months,Zillow ZHVI county,annual_mean_zhvi,ACS 2022 5-year B19013
FL,12086,Miami-Dade County,2023,500907.42,68694,7.2919,12,complete_12_months,Zillow ZHVI county,annual_mean_zhvi,ACS 2023 5-year B19013
FL,12086,Miami-Dade County,2024,537394.48,71753,7.4895,12,complete_12_months,Zillow ZHVI county,annual_mean_zhvi,ACS 2024 5-year B19013
FL,12087,Monroe County,2015,,57290,,0,source_data_unavailable,Zillow ZHVI county,annual_mean_zhvi,ACS 2015 5-year B19013
FL,12087,Monroe County,2016,525541.63,60303,8.715,11,partial_10_11_months,Zillow ZHVI county,annual_mean_zhvi,ACS 2016 5-year B19013
FL,12087,Monroe County,2017,550769.71,63030,8.7382,12,complete_12_months,Zillow ZHVI county,annual_mean_zhvi,ACS 2017 5-year B19013
FL,12087,Monroe County,2018,571990.33,67023,8.5342,12,complete_12_months,Zillow ZHVI county,annual_mean_zhvi,ACS 2018 5-year B19013
FL,12087,Monroe County,2019,587324.68,70033,8.3864,12,complete_12_months,Zillow ZHVI county,annual_mean_zhvi,ACS 2019 5-year B19013
FL,12087,Monroe County,2020,621344.27,72012,8.6283,12,complete_12_months,Zillow ZHVI county,annual_mean_zhvi,ACS 2020 5-year B19013
FL,12087,Monroe County,2021,737745.44,73153,10.085,12,complete_12_months,Zillow ZHVI county,annual_mean_zhvi,ACS 2021 5-year B19013
FL,12087,Monroe County,2022,957051.93,80111,11.9466,12,complete_12_months,Zillow ZHVI county,annual_mean_zhvi,ACS 2022 5-year B19013
FL,12087,Monroe County,2023,996718.86,82430,12.0917,12,complete_12_months,Zillow ZHVI county,annual_mean_zhvi,ACS 2023 5-year B19013
FL,12087,Monroe County,2024,1016734.28,87738,11.5883,12,complete_12_months,Zillow ZHVI county,annual_mean_zhvi,ACS 2024 5-year B19013
FL,12089,Nassau County,2015,235076.83,54116,4.3439,12,complete_12_months,Zillow ZHVI county,annual_mean_zhvi,ACS 2015 5-year B19013
FL,12089,Nassau County,2016,247260.69,59196,4.177,12,complete_12_months,Zillow ZHVI county,annual_mean_zhvi,ACS 2016 5-year B19013
FL,12089,Nassau County,2017,264256.0,64294,4.1101,12,complete_12_months,Zillow ZHVI county,annual_mean_zhvi,ACS 2017 5-year B19013
FL,12089,Nassau County,2018,285383.99,66297,4.3046,12,complete_12_months,Zillow ZHVI county,annual_mean_zhvi,ACS 2018 5-year B19013
FL,12089,Nassau County,2019,304496.52,69943,4.3535,12,complete_12_months,Zillow ZHVI county,annual_mean_zhvi,ACS 2019 5-year B19013
FL,12089,Nassau County,2020,327054.56,72998,4.4803,12,complete_12_months,Zillow ZHVI county,annual_mean_zhvi,ACS 2020 5-year B19013
FL,12089,Nassau County,2021,384455.44,77504,4.9605,12,complete_12_months,Zillow ZHVI county,annual_mean_zhvi,ACS 2021 5-year B19013
FL,12089,Nassau County,2022,476374.05,84085,5.6654,12,complete_12_months,Zillow ZHVI county,annual_mean_zhvi,ACS 2022 5-year B19013
FL,12089,Nassau County,2023,490261.06,88900,5.5147,12,complete_12_months,Zillow ZHVI county,annual_mean_zhvi,ACS 2023 5-year B19013
FL,12089,Nassau County,2024,496038.0,89804,5.5236,12,complete_12_months,Zillow ZHVI county,annual_mean_zhvi,ACS 2024 5-year B19013
FL,12091,Okaloosa County,2015,194861.95,55880,3.4872,12,complete_12_months,Zillow ZHVI county,annual_mean_zhvi,ACS 2015 5-year B19013
FL,12091,Okaloosa County,2016,203101.38,57655,3.5227,12,complete_12_months,Zillow ZHVI county,annual_mean_zhvi,ACS 2016 5-year B19013
FL,12091,Okaloosa County,2017,214817.25,59955,3.583,12,complete_12_months,Zillow ZHVI county,annual_mean_zhvi,ACS 2017 5-year B19013
FL,12091,Okaloosa County,2018,229888.79,62048,3.705,12,complete_12_months,Zillow ZHVI county,annual_mean_zhvi,ACS 2018 5-year B19013
FL,12091,Okaloosa County,2019,243423.2,63412,3.8388,12,complete_12_months,Zillow ZHVI county,annual_mean_zhvi,ACS 2019 5-year B19013
FL,12091,Okaloosa County,2020,263982.2,64373,4.1008,12,complete_12_months,Zillow ZHVI county,annual_mean_zhvi,ACS 2020 5-year B19013
FL,12091,Okaloosa County,2021,308600.67,67390,4.5793,12,complete_12_months,Zillow ZHVI county,annual_mean_zhvi,ACS 2021 5-year B19013
FL,12091,Okaloosa County,2022,363512.34,73988,4.9131,12,complete_12_months,Zillow ZHVI county,annual_mean_zhvi,ACS 2022 5-year B19013
FL,12091,Okaloosa County,2023,370990.64,79097,4.6903,12,complete_12_months,Zillow ZHVI county,annual_mean_zhvi,ACS 2023 5-year B19013
FL,12091,Okaloosa County,2024,369618.81,81998,4.5077,12,complete_12_months,Zillow ZHVI county,annual_mean_zhvi,ACS 2024 5-year B19013
FL,12093,Okeechobee County,2015,105161.47,35405,2.9702,12,complete_12_months,Zillow ZHVI county,annual_mean_zhvi,ACS 2015 5-year B19013
FL,12093,Okeechobee County,2016,117570.91,36415,3.2286,12,complete_12_months,Zillow ZHVI county,annual_mean_zhvi,ACS 2016 5-year B19013
FL,12093,Okeechobee County,2017,129224.97,39059,3.3085,12,complete_12_months,Zillow ZHVI county,annual_mean_zhvi,ACS 2017 5-year B19013
FL,12093,Okeechobee County,2018,146389.24,40367,3.6265,12,complete_12_months,Zillow ZHVI county,annual_mean_zhvi,ACS 2018 5-year B19013
FL,12093,Okeechobee County,2019,161306.79,41760,3.8627,12,complete_12_months,Zillow ZHVI county,annual_mean_zhvi,ACS 2019 5-year B19013
FL,12093,Okeechobee County,2020,173243.57,46097,3.7582,12,complete_12_months,Zillow ZHVI county,annual_mean_zhvi,ACS 2020 5-year B19013
FL,12093,Okeechobee County,2021,203214.96,47020,4.3219,12,complete_12_months,Zillow ZHVI county,annual_mean_zhvi,ACS 2021 5-year B19013
FL,12093,Okeechobee County,2022,249817.75,50476,4.9492,12,complete_12_months,Zillow ZHVI county,annual_mean_zhvi,ACS 2022 5-year B19013
FL,12093,Okeechobee County,2023,268597.92,52288,5.1369,12,complete_12_months,Zillow ZHVI county,annual_mean_zhvi,ACS 2023 5-year B19013
FL,12093,Okeechobee County,2024,285438.67,57984,4.9227,12,complete_12_months,Zillow ZHVI county,annual_mean_zhvi,ACS 2024 5-year B19013
FL,12095,Orange County,2015,193881.15,47943,4.044,12,complete_12_months,Zillow ZHVI county,annual_mean_zhvi,ACS 2015 5-year B19013
FL,12095,Orange County,2016,211610.09,49391,4.2844,12,complete_12_months,Zillow ZHVI county,annual_mean_zhvi,ACS 2016 5-year B19013
FL,12095,Orange County,2017,230760.0,51586,4.4733,12,complete_12_months,Zillow ZHVI county,annual_mean_zhvi,ACS 2017 5-year B19013
FL,12095,Orange County,2018,251297.04,54335,4.625,12,complete_12_months,Zillow ZHVI county,annual_mean_zhvi,ACS 2018 5-year B19013
FL,12095,Orange County,2019,267235.45,58254,4.5874,12,complete_12_months,Zillow ZHVI county,annual_mean_zhvi,ACS 2019 5-year B19013
FL,12095,Orange County,2020,282197.46,61416,4.5949,12,complete_12_months,Zillow ZHVI county,annual_mean_zhvi,ACS 2020 5-year B19013
FL,12095,Orange County,2021,320263.4,65784,4.8684,12,complete_12_months,Zillow ZHVI county,annual_mean_zhvi,ACS 2021 5-year B19013
FL,12095,Orange County,2022,392785.91,72629,5.4081,12,complete_12_months,Zillow ZHVI county,annual_mean_zhvi,ACS 2022 5-year B19013
FL,12095,Orange County,2023,411403.25,77011,5.3421,12,complete_12_months,Zillow ZHVI county,annual_mean_zhvi,ACS 2023 5-year B19013
FL,12095,Orange County,2024,425194.17,79719,5.3337,12,complete_12_months,Zillow ZHVI county,annual_mean_zhvi,ACS 2024 5-year B19013
FL,12097,Osceola County,2015,178014.51,44254,4.0226,12,complete_12_months,Zillow ZHVI county,annual_mean_zhvi,ACS 2015 5-year B19013
FL,12097,Osceola County,2016,192506.85,45536,4.2276,12,complete_12_months,Zillow ZHVI county,annual_mean_zhvi,ACS 2016 5-year B19013
FL,12097,Osceola County,2017,208886.83,47343,4.4122,12,complete_12_months,Zillow ZHVI county,annual_mean_zhvi,ACS 2017 5-year B19013
FL,12097,Osceola County,2018,226509.32,50063,4.5245,12,complete_12_months,Zillow ZHVI county,annual_mean_zhvi,ACS 2018 5-year B19013
FL,12097,Osceola County,2019,243406.09,52279,4.6559,12,complete_12_months,Zillow ZHVI county,annual_mean_zhvi,ACS 2019 5-year B19013
FL,12097,Osceola County,2020,258231.34,55538,4.6496,12,complete_12_months,Zillow ZHVI county,annual_mean_zhvi,ACS 2020 5-year B19013
FL,12097,Osceola County,2021,295133.95,58513,5.0439,12,complete_12_months,Zillow ZHVI county,annual_mean_zhvi,ACS 2021 5-year B19013
FL,12097,Osceola County,2022,374776.1,64312,5.8275,12,complete_12_months,Zillow ZHVI county,annual_mean_zhvi,ACS 2022 5-year B19013
FL,12097,Osceola County,2023,388890.39,68711,5.6598,12,complete_12_months,Zillow ZHVI county,annual_mean_zhvi,ACS 2023 5-year B19013
FL,12097,Osceola County,2024,391386.16,72637,5.3882,12,complete_12_months,Zillow ZHVI county,annual_mean_zhvi,ACS 2024 5-year B19013
FL,12099,Palm Beach County,2015,231221.87,53363,4.333,12,complete_12_months,Zillow ZHVI county,annual_mean_zhvi,ACS 2015 5-year B19013
FL,12099,Palm Beach County,2016,253238.0,55277,4.5813,12,complete_12_months,Zillow ZHVI county,annual_mean_zhvi,ACS 2016 5-year B19013
FL,12099,Palm Beach County,2017,270872.15,57256,4.7309,12,complete_12_months,Zillow ZHVI county,annual_mean_zhvi,ACS 2017 5-year B19013
FL,12099,Palm Beach County,2018,287902.44,59943,4.8029,12,complete_12_months,Zillow ZHVI county,annual_mean_zhvi,ACS 2018 5-year B19013
FL,12099,Palm Beach County,2019,299839.31,63299,4.7369,12,complete_12_months,Zillow ZHVI county,annual_mean_zhvi,ACS 2019 5-year B19013
FL,12099,Palm Beach County,2020,313665.11,65015,4.8245,12,complete_12_months,Zillow ZHVI county,annual_mean_zhvi,ACS 2020 5-year B19013
FL,12099,Palm Beach County,2021,363534.67,68874,5.2783,12,complete_12_months,Zillow ZHVI county,annual_mean_zhvi,ACS 2021 5-year B19013
FL,12099,Palm Beach County,2022,460300.63,76066,6.0513,12,complete_12_months,Zillow ZHVI county,annual_mean_zhvi,ACS 2022 5-year B19013
FL,12099,Palm Beach County,2023,486342.92,81115,5.9957,12,complete_12_months,Zillow ZHVI county,annual_mean_zhvi,ACS 2023 5-year B19013
FL,12099,Palm Beach County,2024,500210.68,83581,5.9847,12,complete_12_months,Zillow ZHVI county,annual_mean_zhvi,ACS 2024 5-year B19013
FL,12101,Pasco County,2015,152107.84,45064,3.3754,12,complete_12_months,Zillow ZHVI county,annual_mean_zhvi,ACS 2015 5-year B19013
FL,12101,Pasco County,2016,167127.55,46010,3.6324,12,complete_12_months,Zillow ZHVI county,annual_mean_zhvi,ACS 2016 5-year B19013
FL,12101,Pasco County,2017,184588.07,48289,3.8226,12,complete_12_months,Zillow ZHVI county,annual_mean_zhvi,ACS 2017 5-year B19013
FL,12101,Pasco County,2018,200703.38,50417,3.9809,12,complete_12_months,Zillow ZHVI county,annual_mean_zhvi,ACS 2018 5-year B19013
FL,12101,Pasco County,2019,212631.1,52828,4.025,12,complete_12_months,Zillow ZHVI county,annual_mean_zhvi,ACS 2019 5-year B19013
FL,12101,Pasco County,2020,227416.67,53431,4.2563,12,complete_12_months,Zillow ZHVI county,annual_mean_zhvi,ACS 2020 5-year B19013
FL,12101,Pasco County,2021,274227.05,58084,4.7212,12,complete_12_months,Zillow ZHVI county,annual_mean_zhvi,ACS 2021 5-year B19013
FL,12101,Pasco County,2022,348673.39,63187,5.5181,12,complete_12_months,Zillow ZHVI county,annual_mean_zhvi,ACS 2022 5-year B19013
FL,12101,Pasco County,2023,356134.55,67384,5.2852,12,complete_12_months,Zillow ZHVI county,annual_mean_zhvi,ACS 2023 5-year B19013
FL,12101,Pasco County,2024,358972.06,70492,5.0924,12,complete_12_months,Zillow ZHVI county,annual_mean_zhvi,ACS 2024 5-year B19013
FL,12103,Pinellas County,2015,173899.36,45819,3.7954,12,complete_12_months,Zillow ZHVI county,annual_mean_zhvi,ACS 2015 5-year B19013
FL,12103,Pinellas County,2016,194956.5,47090,4.1401,12,complete_12_months,Zillow ZHVI county,annual_mean_zhvi,ACS 2016 5-year B19013
FL,12103,Pinellas County,2017,214169.98,48968,4.3737,12,complete_12_months,Zillow ZHVI county,annual_mean_zhvi,ACS 2017 5-year B19013
FL,12103,Pinellas County,2018,232290.4,51454,4.5145,12,complete_12_months,Zillow ZHVI county,annual_mean_zhvi,ACS 2018 5-year B19013
FL,12103,Pinellas County,2019,247619.9,54090,4.5779,12,complete_12_months,Zillow ZHVI county,annual_mean_zhvi,ACS 2019 5-year B19013
FL,12103,Pinellas County,2020,267672.72,56419,4.7444,12,complete_12_months,Zillow ZHVI county,annual_mean_zhvi,ACS 2020 5-year B19013
FL,12103,Pinellas County,2021,316309.5,60451,5.2325,12,complete_12_months,Zillow ZHVI county,annual_mean_zhvi,ACS 2021 5-year B19013
FL,12103,Pinellas County,2022,389746.63,66406,5.8691,12,complete_12_months,Zillow ZHVI county,annual_mean_zhvi,ACS 2022 5-year B19013
FL,12103,Pinellas County,2023,403445.67,70293,5.7395,12,complete_12_months,Zillow ZHVI county,annual_mean_zhvi,ACS 2023 5-year B19013
FL,12103,Pinellas County,2024,410813.2,72646,5.655,12,complete_12_months,Zillow ZHVI county,annual_mean_zhvi,ACS 2024 5-year B19013
FL,12105,Polk County,2015,137918.02,43162,3.1954,12,complete_12_months,Zillow ZHVI county,annual_mean_zhvi,ACS 2015 5-year B19013
FL,12105,Polk County,2016,150517.87,44146,3.4095,12,complete_12_months,Zillow ZHVI county,annual_mean_zhvi,ACS 2016 5-year B19013
FL,12105,Polk County,2017,164675.07,45988,3.5808,12,complete_12_months,Zillow ZHVI county,annual_mean_zhvi,ACS 2017 5-year B19013
FL,12105,Polk County,2018,180637.8,48500,3.7245,12,complete_12_months,Zillow ZHVI county,annual_mean_zhvi,ACS 2018 5-year B19013
FL,12105,Polk County,2019,195004.87,50584,3.8551,12,complete_12_months,Zillow ZHVI county,annual_mean_zhvi,ACS 2019 5-year B19013
FL,12105,Polk County,2020,209672.18,51535,4.0685,12,complete_12_months,Zillow ZHVI county,annual_mean_zhvi,ACS 2020 5-year B19013
FL,12105,Polk County,2021,245670.63,55099,4.4587,12,complete_12_months,Zillow ZHVI county,annual_mean_zhvi,ACS 2021 5-year B19013
FL,12105,Polk County,2022,309872.13,60901,5.0881,12,complete_12_months,Zillow ZHVI county,annual_mean_zhvi,ACS 2022 5-year B19013
FL,12105,Polk County,2023,317662.16,63644,4.9912,12,complete_12_months,Zillow ZHVI county,annual_mean_zhvi,ACS 2023 5-year B19013
FL,12105,Polk County,2024,319178.51,65978,4.8377,12,complete_12_months,Zillow ZHVI county,annual_mean_zhvi,ACS 2024 5-year B19013
FL,12107,Putnam County,2015,89916.76,31715,2.8351,12,complete_12_months,Zillow ZHVI county,annual_mean_zhvi,ACS 2015 5-year B19013
FL,12107,Putnam County,2016,95888.52,33003,2.9054,12,complete_12_months,Zillow ZHVI county,annual_mean_zhvi,ACS 2016 5-year B19013
FL,12107,Putnam County,2017,103815.79,33619,3.088,12,complete_12_months,Zillow ZHVI county,annual_mean_zhvi,ACS 2017 5-year B19013
FL,12107,Putnam County,2018,116313.94,35649,3.2628,12,complete_12_months,Zillow ZHVI county,annual_mean_zhvi,ACS 2018 5-year B19013
FL,12107,Putnam County,2019,132464.22,37670,3.5164,12,complete_12_months,Zillow ZHVI county,annual_mean_zhvi,ACS 2019 5-year B19013
FL,12107,Putnam County,2020,150206.38,40068,3.7488,12,complete_12_months,Zillow ZHVI county,annual_mean_zhvi,ACS 2020 5-year B19013
FL,12107,Putnam County,2021,181426.64,39975,4.5385,12,complete_12_months,Zillow ZHVI county,annual_mean_zhvi,ACS 2021 5-year B19013
FL,12107,Putnam County,2022,212420.02,44852,4.736,12,complete_12_months,Zillow ZHVI county,annual_mean_zhvi,ACS 2022 5-year B19013
FL,12107,Putnam County,2023,214431.57,47256,4.5377,12,complete_12_months,Zillow ZHVI county,annual_mean_zhvi,ACS 2023 5-year B19013
FL,12107,Putnam County,2024,221836.89,47934,4.628,12,complete_12_months,Zillow ZHVI county,annual_mean_zhvi,ACS 2024 5-year B19013
FL,12109,St. Johns County,2015,270081.78,66194,4.0802,12,complete_12_months,Zillow ZHVI county,annual_mean_zhvi,ACS 2015 5-year B19013
FL,12109,St. Johns County,2016,284076.22,69523,4.0861,12,complete_12_months,Zillow ZHVI county,annual_mean_zhvi,ACS 2016 5-year B19013
FL,12109,St. Johns County,2017,295898.82,73640,4.0182,12,complete_12_months,Zillow ZHVI county,annual_mean_zhvi,ACS 2017 5-year B19013
FL,12109,St. Johns County,2018,313001.21,77323,4.048,12,complete_12_months,Zillow ZHVI county,annual_mean_zhvi,ACS 2018 5-year B19013
FL,12109,St. Johns County,2019,323704.23,82252,3.9355,12,complete_12_months,Zillow ZHVI county,annual_mean_zhvi,ACS 2019 5-year B19013
FL,12109,St. Johns County,2020,339559.26,83803,4.0519,12,complete_12_months,Zillow ZHVI county,annual_mean_zhvi,ACS 2020 5-year B19013
FL,12109,St. Johns County,2021,403910.2,88794,4.5488,12,complete_12_months,Zillow ZHVI county,annual_mean_zhvi,ACS 2021 5-year B19013
FL,12109,St. Johns County,2022,513365.87,100020,5.1326,12,complete_12_months,Zillow ZHVI county,annual_mean_zhvi,ACS 2022 5-year B19013
FL,12109,St. Johns County,2023,522333.11,106169,4.9198,12,complete_12_months,Zillow ZHVI county,annual_mean_zhvi,ACS 2023 5-year B19013
FL,12109,St. Johns County,2024,522712.04,109839,4.7589,12,complete_12_months,Zillow ZHVI county,annual_mean_zhvi,ACS 2024 5-year B19013
FL,12111,St. Lucie County,2015,154844.76,43459,3.563,12,complete_12_months,Zillow ZHVI county,annual_mean_zhvi,ACS 2015 5-year B19013
FL,12111,St. Lucie County,2016,180849.72,44140,4.0972,12,complete_12_months,Zillow ZHVI county,annual_mean_zhvi,ACS 2016 5-year B19013
FL,12111,St. Lucie County,2017,200690.76,47132,4.2581,12,complete_12_months,Zillow ZHVI county,annual_mean_zhvi,ACS 2017 5-year B19013
FL,12111,St. Lucie County,2018,219635.05,49373,4.4485,12,complete_12_months,Zillow ZHVI county,annual_mean_zhvi,ACS 2018 5-year B19013
FL,12111,St. Lucie County,2019,231499.14,52322,4.4245,12,complete_12_months,Zillow ZHVI county,annual_mean_zhvi,ACS 2019 5-year B19013
FL,12111,St. Lucie County,2020,243470.55,55237,4.4077,12,complete_12_months,Zillow ZHVI county,annual_mean_zhvi,ACS 2020 5-year B19013
FL,12111,St. Lucie County,2021,292478.32,59807,4.8904,12,complete_12_months,Zillow ZHVI county,annual_mean_zhvi,ACS 2021 5-year B19013
FL,12111,St. Lucie County,2022,377554.74,66154,5.7072,12,complete_12_months,Zillow ZHVI county,annual_mean_zhvi,ACS 2022 5-year B19013
FL,12111,St. Lucie County,2023,388423.58,69027,5.6271,12,complete_12_months,Zillow ZHVI county,annual_mean_zhvi,ACS 2023 5-year B19013
FL,12111,St. Lucie County,2024,396626.49,71457,5.5506,12,complete_12_months,Zillow ZHVI county,annual_mean_zhvi,ACS 2024 5-year B19013
FL,12113,Santa Rosa County,2015,175777.32,58923,2.9832,12,complete_12_months,Zillow ZHVI county,annual_mean_zhvi,ACS 2015 5-year B19013
FL,12113,Santa Rosa County,2016,181476.96,60652,2.9921,12,complete_12_months,Zillow ZHVI county,annual_mean_zhvi,ACS 2016 5-year B19013
FL,12113,Santa Rosa County,2017,192834.15,62731,3.074,12,complete_12_months,Zillow ZHVI county,annual_mean_zhvi,ACS 2017 5-year B19013
FL,12113,Santa Rosa County,2018,209696.61,66242,3.1656,12,complete_12_months,Zillow ZHVI county,annual_mean_zhvi,ACS 2018 5-year B19013
FL,12113,Santa Rosa County,2019,222394.77,67949,3.273,12,complete_12_months,Zillow ZHVI county,annual_mean_zhvi,ACS 2019 5-year B19013
FL,12113,Santa Rosa County,2020,242647.41,70663,3.4339,12,complete_12_months,Zillow ZHVI county,annual_mean_zhvi,ACS 2020 5-year B19013
FL,12113,Santa Rosa County,2021,289881.79,77260,3.752,12,complete_12_months,Zillow ZHVI county,annual_mean_zhvi,ACS 2021 5-year B19013
FL,12113,Santa Rosa County,2022,344486.9,84715,4.0664,12,complete_12_months,Zillow ZHVI county,annual_mean_zhvi,ACS 2022 5-year B19013
FL,12113,Santa Rosa County,2023,353954.24,88968,3.9784,12,complete_12_months,Zillow ZHVI county,annual_mean_zhvi,ACS 2023 5-year B19013
FL,12113,Santa Rosa County,2024,357414.24,91922,3.8882,12,complete_12_months,Zillow ZHVI county,annual_mean_zhvi,ACS 2024 5-year B19013
FL,12115,Sarasota County,2015,229705.37,51766,4.4374,12,complete_12_months,Zillow ZHVI county,annual_mean_zhvi,ACS 2015 5-year B19013
FL,12115,Sarasota County,2016,252462.7,52796,4.7819,12,complete_12_months,Zillow ZHVI county,annual_mean_zhvi,ACS 2016 5-year B19013
FL,12115,Sarasota County,2017,265469.01,55236,4.8061,12,complete_12_months,Zillow ZHVI county,annual_mean_zhvi,ACS 2017 5-year B19013
FL,12115,Sarasota County,2018,274500.07,58644,4.6808,12,complete_12_months,Zillow ZHVI county,annual_mean_zhvi,ACS 2018 5-year B19013
FL,12115,Sarasota County,2019,279405.97,62236,4.4895,12,complete_12_months,Zillow ZHVI county,annual_mean_zhvi,ACS 2019 5-year B19013
FL,12115,Sarasota County,2020,292164.87,64644,4.5196,12,complete_12_months,Zillow ZHVI county,annual_mean_zhvi,ACS 2020 5-year B19013
FL,12115,Sarasota County,2021,351826.37,69490,5.063,12,complete_12_months,Zillow ZHVI county,annual_mean_zhvi,ACS 2021 5-year B19013
FL,12115,Sarasota County,2022,462413.47,77213,5.9888,12,complete_12_months,Zillow ZHVI county,annual_mean_zhvi,ACS 2022 5-year B19013
FL,12115,Sarasota County,2023,475736.09,80633,5.9,12,complete_12_months,Zillow ZHVI county,annual_mean_zhvi,ACS 2023 5-year B19013
FL,12115,Sarasota County,2024,462381.34,83416,5.5431,12,complete_12_months,Zillow ZHVI county,annual_mean_zhvi,ACS 2024 5-year B19013
FL,12117,Seminole County,2015,194129.21,57010,3.4052,12,complete_12_months,Zillow ZHVI county,annual_mean_zhvi,ACS 2015 5-year B19013
FL,12117,Seminole County,2016,211668.98,58538,3.6159,12,complete_12_months,Zillow ZHVI county,annual_mean_zhvi,ACS 2016 5-year B19013
FL,12117,Seminole County,2017,229745.83,60739,3.7825,12,complete_12_months,Zillow ZHVI county,annual_mean_zhvi,ACS 2017 5-year B19013
FL,12117,Seminole County,2018,248884.21,63760,3.9035,12,complete_12_months,Zillow ZHVI county,annual_mean_zhvi,ACS 2018 5-year B19013
FL,12117,Seminole County,2019,265280.2,66768,3.9732,12,complete_12_months,Zillow ZHVI county,annual_mean_zhvi,ACS 2019 5-year B19013
FL,12117,Seminole County,2020,283631.84,70297,4.0348,12,complete_12_months,Zillow ZHVI county,annual_mean_zhvi,ACS 2020 5-year B19013
FL,12117,Seminole County,2021,322996.74,73002,4.4245,12,complete_12_months,Zillow ZHVI county,annual_mean_zhvi,ACS 2021 5-year B19013
FL,12117,Seminole County,2022,389609.11,79490,4.9014,12,complete_12_months,Zillow ZHVI county,annual_mean_zhvi,ACS 2022 5-year B19013
FL,12117,Seminole County,2023,411582.55,83030,4.957,12,complete_12_months,Zillow ZHVI county,annual_mean_zhvi,ACS 2023 5-year B19013
FL,12117,Seminole County,2024,424949.64,85761,4.955,12,complete_12_months,Zillow ZHVI county,annual_mean_zhvi,ACS 2024 5-year B19013
FL,12119,Sumter County,2015,252877.92,50350,5.0224,12,complete_12_months,Zillow ZHVI county,annual_mean_zhvi,ACS 2015 5-year B19013
FL,12119,Sumter County,2016,249846.99,52594,4.7505,12,complete_12_months,Zillow ZHVI county,annual_mean_zhvi,ACS 2016 5-year B19013
FL,12119,Sumter County,2017,252894.11,54771,4.6173,12,complete_12_months,Zillow ZHVI county,annual_mean_zhvi,ACS 2017 5-year B19013
FL,12119,Sumter County,2018,264534.33,55228,4.7899,12,complete_12_months,Zillow ZHVI county,annual_mean_zhvi,ACS 2018 5-year B19013
FL,12119,Sumter County,2019,281491.25,57226,4.9189,12,complete_12_months,Zillow ZHVI county,annual_mean_zhvi,ACS 2019 5-year B19013
FL,12119,Sumter County,2020,293466.29,59618,4.9224,12,complete_12_months,Zillow ZHVI county,annual_mean_zhvi,ACS 2020 5-year B19013
FL,12119,Sumter County,2021,318389.25,63323,5.028,12,complete_12_months,Zillow ZHVI county,annual_mean_zhvi,ACS 2021 5-year B19013
FL,12119,Sumter County,2022,402226.58,70105,5.7375,12,complete_12_months,Zillow ZHVI county,annual_mean_zhvi,ACS 2022 5-year B19013
FL,12119,Sumter County,2023,406833.67,73297,5.5505,12,complete_12_months,Zillow ZHVI county,annual_mean_zhvi,ACS 2023 5-year B19013
FL,12119,Sumter County,2024,398791.32,76508,5.2124,12,complete_12_months,Zillow ZHVI county,annual_mean_zhvi,ACS 2024 5-year B19013
FL,12121,Suwannee County,2015,122800.51,36289,3.384,12,complete_12_months,Zillow ZHVI county,annual_mean_zhvi,ACS 2015 5-year B19013
FL,12121,Suwannee County,2016,130603.08,37796,3.4555,12,complete_12_months,Zillow ZHVI county,annual_mean_zhvi,ACS 2016 5-year B19013
FL,12121,Suwannee County,2017,138445.75,40600,3.41,12,complete_12_months,Zillow ZHVI county,annual_mean_zhvi,ACS 2017 5-year B19013
FL,12121,Suwannee County,2018,151757.92,42686,3.5552,12,complete_12_months,Zillow ZHVI county,annual_mean_zhvi,ACS 2018 5-year B19013
FL,12121,Suwannee County,2019,160428.02,47839,3.3535,12,complete_12_months,Zillow ZHVI county,annual_mean_zhvi,ACS 2019 5-year B19013
FL,12121,Suwannee County,2020,173719.28,46280,3.7537,12,complete_12_months,Zillow ZHVI county,annual_mean_zhvi,ACS 2020 5-year B19013
FL,12121,Suwannee County,2021,212563.79,47218,4.5018,12,complete_12_months,Zillow ZHVI county,annual_mean_zhvi,ACS 2021 5-year B19013
FL,12121,Suwannee County,2022,249975.7,49729,5.0268,12,complete_12_months,Zillow ZHVI county,annual_mean_zhvi,ACS 2022 5-year B19013
FL,12121,Suwannee County,2023,251791.52,55479,4.5385,12,complete_12_months,Zillow ZHVI county,annual_mean_zhvi,ACS 2023 5-year B19013
FL,12121,Suwannee County,2024,265737.5,56658,4.6902,12,complete_12_months,Zillow ZHVI county,annual_mean_zhvi,ACS 2024 5-year B19013
FL,12123,Taylor County,2015,99293.76,36181,2.7444,12,complete_12_months,Zillow ZHVI county,annual_mean_zhvi,ACS 2015 5-year B19013
FL,12123,Taylor County,2016,101594.28,36195,2.8069,12,complete_12_months,Zillow ZHVI county,annual_mean_zhvi,ACS 2016 5-year B19013
FL,12123,Taylor County,2017,108975.2,37188,2.9304,12,complete_12_months,Zillow ZHVI county,annual_mean_zhvi,ACS 2017 5-year B19013
FL,12123,Taylor County,2018,117831.86,36934,3.1903,12,complete_12_months,Zillow ZHVI county,annual_mean_zhvi,ACS 2018 5-year B19013
FL,12123,Taylor County,2019,127947.59,40306,3.1744,12,complete_12_months,Zillow ZHVI county,annual_mean_zhvi,ACS 2019 5-year B19013
FL,12123,Taylor County,2020,135777.53,38295,3.5456,12,complete_12_months,Zillow ZHVI county,annual_mean_zhvi,ACS 2020 5-year B19013
FL,12123,Taylor County,2021,162420.67,43563,3.7284,12,complete_12_months,Zillow ZHVI county,annual_mean_zhvi,ACS 2021 5-year B19013
FL,12123,Taylor County,2022,193203.03,46239,4.1784,12,complete_12_months,Zillow ZHVI county,annual_mean_zhvi,ACS 2022 5-year B19013
FL,12123,Taylor County,2023,197276.6,44985,4.3854,12,complete_12_months,Zillow ZHVI county,annual_mean_zhvi,ACS 2023 5-year B19013
FL,12123,Taylor County,2024,200680.1,49073,4.0894,12,complete_12_months,Zillow ZHVI county,annual_mean_zhvi,ACS 2024 5-year B19013
FL,12125,Union County,2015,120422.67,39163,3.0749,12,complete_12_months,Zillow ZHVI county,annual_mean_zhvi,ACS 2015 5-year B19013
FL,12125,Union County,2016,129712.32,37778,3.4335,12,complete_12_months,Zillow ZHVI county,annual_mean_zhvi,ACS 2016 5-year B19013
FL,12125,Union County,2017,135965.08,37460,3.6296,12,complete_12_months,Zillow ZHVI county,annual_mean_zhvi,ACS 2017 5-year B19013
FL,12125,Union County,2018,139554.54,41770,3.341,12,complete_12_months,Zillow ZHVI county,annual_mean_zhvi,ACS 2018 5-year B19013
FL,12125,Union County,2019,149991.68,44270,3.3881,12,complete_12_months,Zillow ZHVI county,annual_mean_zhvi,ACS 2019 5-year B19013
FL,12125,Union County,2020,162828.79,55139,2.9531,12,complete_12_months,Zillow ZHVI county,annual_mean_zhvi,ACS 2020 5-year B19013
FL,12125,Union County,2021,182217.56,55463,3.2854,12,complete_12_months,Zillow ZHVI county,annual_mean_zhvi,ACS 2021 5-year B19013
FL,12125,Union County,2022,219708.91,64043,3.4306,12,complete_12_months,Zillow ZHVI county,annual_mean_zhvi,ACS 2022 5-year B19013
FL,12125,Union County,2023,247516.9,64922,3.8125,12,complete_12_months,Zillow ZHVI county,annual_mean_zhvi,ACS 2023 5-year B19013
FL,12125,Union County,2024,263094.43,64146,4.1015,12,complete_12_months,Zillow ZHVI county,annual_mean_zhvi,ACS 2024 5-year B19013
FL,12127,Volusia County,2015,150645.48,41117,3.6638,12,complete_12_months,Zillow ZHVI county,annual_mean_zhvi,ACS 2015 5-year B19013
FL,12127,Volusia County,2016,166304.07,42240,3.9371,12,complete_12_months,Zillow ZHVI county,annual_mean_zhvi,ACS 2016 5-year B19013
FL,12127,Volusia County,2017,183711.99,43838,4.1907,12,complete_12_months,Zillow ZHVI county,annual_mean_zhvi,ACS 2017 5-year B19013
FL,12127,Volusia County,2018,202945.93,46760,4.3402,12,complete_12_months,Zillow ZHVI county,annual_mean_zhvi,ACS 2018 5-year B19013
FL,12127,Volusia County,2019,215386.45,49494,4.3518,12,complete_12_months,Zillow ZHVI county,annual_mean_zhvi,ACS 2019 5-year B19013
FL,12127,Volusia County,2020,230346.43,52407,4.3953,12,complete_12_months,Zillow ZHVI county,annual_mean_zhvi,ACS 2020 5-year B19013
FL,12127,Volusia County,2021,270249.04,56786,4.7591,12,complete_12_months,Zillow ZHVI county,annual_mean_zhvi,ACS 2021 5-year B19013
FL,12127,Volusia County,2022,333380.88,63075,5.2855,12,complete_12_months,Zillow ZHVI county,annual_mean_zhvi,ACS 2022 5-year B19013
FL,12127,Volusia County,2023,344599.62,66581,5.1756,12,complete_12_months,Zillow ZHVI county,annual_mean_zhvi,ACS 2023 5-year B19013
FL,12127,Volusia County,2024,348479.89,70044,4.9752,12,complete_12_months,Zillow ZHVI county,annual_mean_zhvi,ACS 2024 5-year B19013
FL,12129,Wakulla County,2015,142839.04,50340,2.8375,12,complete_12_months,Zillow ZHVI county,annual_mean_zhvi,ACS 2015 5-year B19013
FL,12129,Wakulla County,2016,150967.46,54078,2.7917,12,complete_12_months,Zillow ZHVI county,annual_mean_zhvi,ACS 2016 5-year B19013
FL,12129,Wakulla County,2017,160125.67,57866,2.7672,12,complete_12_months,Zillow ZHVI county,annual_mean_zhvi,ACS 2017 5-year B19013
FL,12129,Wakulla County,2018,171696.31,62778,2.735,12,complete_12_months,Zillow ZHVI county,annual_mean_zhvi,ACS 2018 5-year B19013
FL,12129,Wakulla County,2019,181108.71,61410,2.9492,12,complete_12_months,Zillow ZHVI county,annual_mean_zhvi,ACS 2019 5-year B19013
FL,12129,Wakulla County,2020,196524.63,67480,2.9123,12,complete_12_months,Zillow ZHVI county,annual_mean_zhvi,ACS 2020 5-year B19013
FL,12129,Wakulla County,2021,228559.52,72941,3.1335,12,complete_12_months,Zillow ZHVI county,annual_mean_zhvi,ACS 2021 5-year B19013
FL,12129,Wakulla County,2022,266822.11,72035,3.7041,12,complete_12_months,Zillow ZHVI county,annual_mean_zhvi,ACS 2022 5-year B19013
FL,12129,Wakulla County,2023,280384.91,74183,3.7796,12,complete_12_months,Zillow ZHVI county,annual_mean_zhvi,ACS 2023 5-year B19013
FL,12129,Wakulla County,2024,290499.98,81895,3.5472,12,complete_12_months,Zillow ZHVI county,annual_mean_zhvi,ACS 2024 5-year B19013
FL,12131,Walton County,2015,329605.03,44966,7.3301,12,complete_12_months,Zillow ZHVI county,annual_mean_zhvi,ACS 2015 5-year B19013
FL,12131,Walton County,2016,346429.82,46910,7.385,12,complete_12_months,Zillow ZHVI county,annual_mean_zhvi,ACS 2016 5-year B19013
FL,12131,Walton County,2017,366274.51,50619,7.2359,12,complete_12_months,Zillow ZHVI county,annual_mean_zhvi,ACS 2017 5-year B19013
FL,12131,Walton County,2018,395126.7,53785,7.3464,12,complete_12_months,Zillow ZHVI county,annual_mean_zhvi,ACS 2018 5-year B19013
FL,12131,Walton County,2019,415217.56,58093,7.1475,12,complete_12_months,Zillow ZHVI county,annual_mean_zhvi,ACS 2019 5-year B19013
FL,12131,Walton County,2020,442619.09,67390,6.568,12,complete_12_months,Zillow ZHVI county,annual_mean_zhvi,ACS 2020 5-year B19013
FL,12131,Walton County,2021,556736.42,68111,8.174,12,complete_12_months,Zillow ZHVI county,annual_mean_zhvi,ACS 2021 5-year B19013
FL,12131,Walton County,2022,716171.05,74832,9.5704,12,complete_12_months,Zillow ZHVI county,annual_mean_zhvi,ACS 2022 5-year B19013
FL,12131,Walton County,2023,717008.7,79281,9.0439,12,complete_12_months,Zillow ZHVI county,annual_mean_zhvi,ACS 2023 5-year B19013
FL,12131,Walton County,2024,697480.98,81986,8.5073,12,complete_12_months,Zillow ZHVI county,annual_mean_zhvi,ACS 2024 5-year B19013
FL,12133,Washington County,2015,99807.7,38970,2.5611,12,complete_12_months,Zillow ZHVI county,annual_mean_zhvi,ACS 2015 5-year B19013
FL,12133,Washington County,2016,105821.28,38330,2.7608,12,complete_12_months,Zillow ZHVI county,annual_mean_zhvi,ACS 2016 5-year B19013
FL,12133,Washington County,2017,109882.85,36989,2.9707,12,complete_12_months,Zillow ZHVI county,annual_mean_zhvi,ACS 2017 5-year B19013
FL,12133,Washington County,2018,116439.86,37188,3.1311,12,complete_12_months,Zillow ZHVI county,annual_mean_zhvi,ACS 2018 5-year B19013
FL,12133,Washington County,2019,132103.19,37022,3.5682,12,complete_12_months,Zillow ZHVI county,annual_mean_zhvi,ACS 2019 5-year B19013
FL,12133,Washington County,2020,152440.76,37260,4.0913,12,complete_12_months,Zillow ZHVI county,annual_mean_zhvi,ACS 2020 5-year B19013
FL,12133,Washington County,2021,185375.76,41806,4.4342,12,complete_12_months,Zillow ZHVI county,annual_mean_zhvi,ACS 2021 5-year B19013
FL,12133,Washington County,2022,210899.32,47536,4.4366,12,complete_12_months,Zillow ZHVI county,annual_mean_zhvi,ACS 2022 5-year B19013
FL,12133,Washington County,2023,215862.06,52723,4.0943,12,complete_12_months,Zillow ZHVI county,annual_mean_zhvi,ACS 2023 5-year B19013
FL,12133,Washington County,2024,225057.59,58210,3.8663,12,complete_12_months,Zillow ZHVI county,annual_mean_zhvi,ACS 2024 5-year B19013
