state,county_fips,county_name,year,typical_home_value,zillow_months_available,home_value_source,home_value_year_method,zillow_data_status
FL,12001,Alachua County,2015,159898.67,12,Zillow ZHVI county,annual_mean_zhvi,complete_12_months
FL,12001,Alachua County,2016,169945.18,12,Zillow ZHVI county,annual_mean_zhvi,complete_12_months
FL,12001,Alachua County,2017,183486.13,12,Zillow ZHVI county,annual_mean_zhvi,complete_12_months
FL,12001,Alachua County,2018,196693.83,12,Zillow ZHVI county,annual_mean_zhvi,complete_12_months
FL,12001,Alachua County,2019,206298.5,12,Zillow ZHVI county,annual_mean_zhvi,complete_12_months
FL,12001,Alachua County,2020,222412.68,12,Zillow ZHVI county,annual_mean_zhvi,complete_12_months
FL,12001,Alachua County,2021,254136.36,12,Zillow ZHVI county,annual_mean_zhvi,complete_12_months
FL,12001,Alachua County,2022,293518.92,12,Zillow ZHVI county,annual_mean_zhvi,complete_12_months
FL,12001,Alachua County,2023,307502.27,12,Zillow ZHVI county,annual_mean_zhvi,complete_12_months
FL,12001,Alachua County,2024,316681.56,12,Zillow ZHVI county,annual_mean_zhvi,complete_12_months
FL,12003,Baker County,2015,149560.51,12,Zillow ZHVI county,annual_mean_zhvi,complete_12_months
FL,12003,Baker County,2016,161840.63,12,Zillow ZHVI county,annual_mean_zhvi,complete_12_months
FL,12003,Baker County,2017,171980.06,12,Zillow ZHVI county,annual_mean_zhvi,complete_12_months
FL,12003,Baker County,2018,187037.14,12,Zillow ZHVI county,annual_mean_zhvi,complete_12_months
FL,12003,Baker County,2019,202757.63,12,Zillow ZHVI county,annual_mean_zhvi,complete_12_months
FL,12003,Baker County,2020,221732.0,12,Zillow ZHVI county,annual_mean_zhvi,complete_12_months
FL,12003,Baker County,2021,258401.77,12,Zillow ZHVI county,annual_mean_zhvi,complete_12_months
FL,12003,Baker County,2022,303643.1,12,Zillow ZHVI county,annual_mean_zhvi,complete_12_months
FL,12003,Baker County,2023,302208.0,12,Zillow ZHVI county,annual_mean_zhvi,complete_12_months
FL,12003,Baker County,2024,308612.73,12,Zillow ZHVI county,annual_mean_zhvi,complete_12_months
FL,12005,Bay County,2015,178874.58,12,Zillow ZHVI county,annual_mean_zhvi,complete_12_months
FL,12005,Bay County,2016,188746.31,12,Zillow ZHVI county,annual_mean_zhvi,complete_12_months
FL,12005,Bay County,2017,196481.96,12,Zillow ZHVI county,annual_mean_zhvi,complete_12_months
FL,12005,Bay County,2018,212547.94,12,Zillow ZHVI county,annual_mean_zhvi,complete_12_months
FL,12005,Bay County,2019,222192.41,12,Zillow ZHVI county,annual_mean_zhvi,complete_12_months
FL,12005,Bay County,2020,246346.6,12,Zillow ZHVI county,annual_mean_zhvi,complete_12_months
FL,12005,Bay County,2021,286115.59,12,Zillow ZHVI county,annual_mean_zhvi,complete_12_months
FL,12005,Bay County,2022,351484.59,12,Zillow ZHVI county,annual_mean_zhvi,complete_12_months
FL,12005,Bay County,2023,367311.09,12,Zillow ZHVI county,annual_mean_zhvi,complete_12_months
FL,12005,Bay County,2024,363286.2,12,Zillow ZHVI county,annual_mean_zhvi,complete_12_months
FL,12007,Bradford County,2015,110775.55,12,Zillow ZHVI county,annual_mean_zhvi,complete_12_months
FL,12007,Bradford County,2016,118652.56,12,Zillow ZHVI county,annual_mean_zhvi,complete_12_months
FL,12007,Bradford County,2017,125500.89,12,Zillow ZHVI county,annual_mean_zhvi,complete_12_months
FL,12007,Bradford County,2018,137300.3,12,Zillow ZHVI county,annual_mean_zhvi,complete_12_months
FL,12007,Bradford County,2019,145520.48,12,Zillow ZHVI county,annual_mean_zhvi,complete_12_months
FL,12007,Bradford County,2020,160292.38,12,Zillow ZHVI county,annual_mean_zhvi,complete_12_months
FL,12007,Bradford County,2021,188512.12,12,Zillow ZHVI county,annual_mean_zhvi,complete_12_months
FL,12007,Bradford County,2022,229053.43,12,Zillow ZHVI county,annual_mean_zhvi,complete_12_months
FL,12007,Bradford County,2023,240952.6,12,Zillow ZHVI county,annual_mean_zhvi,complete_12_months
FL,12007,Bradford County,2024,248939.63,12,Zillow ZHVI county,annual_mean_zhvi,complete_12_months
FL,12009,Brevard County,2015,159631.04,12,Zillow ZHVI county,annual_mean_zhvi,complete_12_months
FL,12009,Brevard County,2016,178448.91,12,Zillow ZHVI county,annual_mean_zhvi,complete_12_months
FL,12009,Brevard County,2017,198867.75,12,Zillow ZHVI county,annual_mean_zhvi,complete_12_months
FL,12009,Brevard County,2018,217667.11,12,Zillow ZHVI county,annual_mean_zhvi,complete_12_months
FL,12009,Brevard County,2019,226873.4,12,Zillow ZHVI county,annual_mean_zhvi,complete_12_months
FL,12009,Brevard County,2020,241522.91,12,Zillow ZHVI county,annual_mean_zhvi,complete_12_months
FL,12009,Brevard County,2021,284959.6,12,Zillow ZHVI county,annual_mean_zhvi,complete_12_months
FL,12009,Brevard County,2022,351547.35,12,Zillow ZHVI county,annual_mean_zhvi,complete_12_months
FL,12009,Brevard County,2023,362220.53,12,Zillow ZHVI county,annual_mean_zhvi,complete_12_months
FL,12009,Brevard County,2024,364123.61,12,Zillow ZHVI county,annual_mean_zhvi,complete_12_months
FL,12011,Broward County,2015,205938.01,12,Zillow ZHVI county,annual_mean_zhvi,complete_12_months
FL,12011,Broward County,2016,223416.22,12,Zillow ZHVI county,annual_mean_zhvi,complete_12_months
FL,12011,Broward County,2017,244837.27,12,Zillow ZHVI county,annual_mean_zhvi,complete_12_months
FL,12011,Broward County,2018,266337.37,12,Zillow ZHVI county,annual_mean_zhvi,complete_12_months
FL,12011,Broward County,2019,279590.28,12,Zillow ZHVI county,annual_mean_zhvi,complete_12_months
FL,12011,Broward County,2020,293735.88,12,Zillow ZHVI county,annual_mean_zhvi,complete_12_months
FL,12011,Broward County,2021,332975.67,12,Zillow ZHVI county,annual_mean_zhvi,complete_12_months
FL,12011,Broward County,2022,401668.88,12,Zillow ZHVI county,annual_mean_zhvi,complete_12_months
FL,12011,Broward County,2023,433489.73,12,Zillow ZHVI county,annual_mean_zhvi,complete_12_months
FL,12011,Broward County,2024,453354.68,12,Zillow ZHVI county,annual_mean_zhvi,complete_12_months
FL,12013,Calhoun County,2015,95866.85,12,Zillow ZHVI county,annual_mean_zhvi,complete_12_months
FL,12013,Calhoun County,2016,99841.35,12,Zillow ZHVI county,annual_mean_zhvi,complete_12_months
FL,12013,Calhoun County,2017,107034.54,12,Zillow ZHVI county,annual_mean_zhvi,complete_12_months
FL,12013,Calhoun County,2018,114397.53,12,Zillow ZHVI county,annual_mean_zhvi,complete_12_months
FL,12013,Calhoun County,2019,117909.42,12,Zillow ZHVI county,annual_mean_zhvi,complete_12_months
FL,12013,Calhoun County,2020,126743.94,12,Zillow ZHVI county,annual_mean_zhvi,complete_12_months
FL,12013,Calhoun County,2021,156080.13,12,Zillow ZHVI county,annual_mean_zhvi,complete_12_months
FL,12013,Calhoun County,2022,177915.75,12,Zillow ZHVI county,annual_mean_zhvi,complete_12_months
FL,12013,Calhoun County,2023,183623.15,12,Zillow ZHVI county,annual_mean_zhvi,complete_12_months
FL,12013,Calhoun County,2024,189020.82,12,Zillow ZHVI county,annual_mean_zhvi,complete_12_months
FL,12015,Charlotte County,2015,168909.53,12,Zillow ZHVI county,annual_mean_zhvi,complete_12_months
FL,12015,Charlotte County,2016,187729.36,12,Zillow ZHVI county,annual_mean_zhvi,complete_12_months
FL,12015,Charlotte County,2017,201043.66,12,Zillow ZHVI county,annual_mean_zhvi,complete_12_months
FL,12015,Charlotte County,2018,214021.65,12,Zillow ZHVI county,annual_mean_zhvi,complete_12_months
FL,12015,Charlotte County,2019,224292.09,12,Zillow ZHVI county,annual_mean_zhvi,complete_12_months
FL,12015,Charlotte County,2020,236236.41,12,Zillow ZHVI county,annual_mean_zhvi,complete_12_months
FL,12015,Charlotte County,2021,285965.67,12,Zillow ZHVI county,annual_mean_zhvi,complete_12_months
FL,12015,Charlotte County,2022,375550.49,12,Zillow ZHVI county,annual_mean_zhvi,complete_12_months
FL,12015,Charlotte County,2023,380184.06,12,Zillow ZHVI county,annual_mean_zhvi,complete_12_months
FL,12015,Charlotte County,2024,363473.29,12,Zillow ZHVI county,annual_mean_zhvi,complete_12_months
FL,12017,Citrus County,2015,118527.2,12,Zillow ZHVI county,annual_mean_zhvi,complete_12_months
FL,12017,Citrus County,2016,131137.4,12,Zillow ZHVI county,annual_mean_zhvi,complete_12_months
FL,12017,Citrus County,2017,143935.24,12,Zillow ZHVI county,annual_mean_zhvi,complete_12_months
FL,12017,Citrus County,2018,159786.24,12,Zillow ZHVI county,annual_mean_zhvi,complete_12_months
FL,12017,Citrus County,2019,168452.16,12,Zillow ZHVI county,annual_mean_zhvi,complete_12_months
FL,12017,Citrus County,2020,181252.73,12,Zillow ZHVI county,annual_mean_zhvi,complete_12_months
FL,12017,Citrus County,2021,222364.6,12,Zillow ZHVI county,annual_mean_zhvi,complete_12_months
FL,12017,Citrus County,2022,278580.58,12,Zillow ZHVI county,annual_mean_zhvi,complete_12_months
FL,12017,Citrus County,2023,287942.5,12,Zillow ZHVI county,annual_mean_zhvi,complete_12_months
FL,12017,Citrus County,2024,289773.99,12,Zillow ZHVI county,annual_mean_zhvi,complete_12_months
FL,12019,Clay County,2015,168471.66,12,Zillow ZHVI county,annual_mean_zhvi,complete_12_months
FL,12019,Clay County,2016,179137.87,12,Zillow ZHVI county,annual_mean_zhvi,complete_12_months
FL,12019,Clay County,2017,190914.76,12,Zillow ZHVI county,annual_mean_zhvi,complete_12_months
FL,12019,Clay County,2018,210254.94,12,Zillow ZHVI county,annual_mean_zhvi,complete_12_months
FL,12019,Clay County,2019,224165.86,12,Zillow ZHVI county,annual_mean_zhvi,complete_12_months
FL,12019,Clay County,2020,237792.98,12,Zillow ZHVI county,annual_mean_zhvi,complete_12_months
FL,12019,Clay County,2021,276646.96,12,Zillow ZHVI county,annual_mean_zhvi,complete_12_months
FL,12019,Clay County,2022,343897.55,12,Zillow ZHVI county,annual_mean_zhvi,complete_12_months
FL,12019,Clay County,2023,347879.24,12,Zillow ZHVI county,annual_mean_zhvi,complete_12_months
FL,12019,Clay County,2024,349623.97,12,Zillow ZHVI county,annual_mean_zhvi,complete_12_months
FL,12021,Collier County,2015,320589.48,12,Zillow ZHVI county,annual_mean_zhvi,complete_12_months
FL,12021,Collier County,2016,349440.2,12,Zillow ZHVI county,annual_mean_zhvi,complete_12_months
FL,12021,Collier County,2017,352605.72,12,Zillow ZHVI county,annual_mean_zhvi,complete_12_months
FL,12021,Collier County,2018,355721.87,12,Zillow ZHVI county,annual_mean_zhvi,complete_12_months
FL,12021,Collier County,2019,361228.11,12,Zillow ZHVI county,annual_mean_zhvi,complete_12_months
FL,12021,Collier County,2020,368178.59,12,Zillow ZHVI county,annual_mean_zhvi,complete_12_months
FL,12021,Collier County,2021,438017.72,12,Zillow ZHVI county,annual_mean_zhvi,complete_12_months
FL,12021,Collier County,2022,594546.08,12,Zillow ZHVI county,annual_mean_zhvi,complete_12_months
FL,12021,Collier County,2023,621089.56,12,Zillow ZHVI county,annual_mean_zhvi,complete_12_months
FL,12021,Collier County,2024,622624.96,12,Zillow ZHVI county,annual_mean_zhvi,complete_12_months
FL,12023,Columbia County,2015,122127.72,12,Zillow ZHVI county,annual_mean_zhvi,complete_12_months
FL,12023,Columbia County,2016,128756.76,12,Zillow ZHVI county,annual_mean_zhvi,complete_12_months
FL,12023,Columbia County,2017,136968.38,12,Zillow ZHVI county,annual_mean_zhvi,complete_12_months
FL,12023,Columbia County,2018,150681.38,12,Zillow ZHVI county,annual_mean_zhvi,complete_12_months
FL,12023,Columbia County,2019,158342.73,12,Zillow ZHVI county,annual_mean_zhvi,complete_12_months
FL,12023,Columbia County,2020,175757.02,12,Zillow ZHVI county,annual_mean_zhvi,complete_12_months
FL,12023,Columbia County,2021,208140.48,12,Zillow ZHVI county,annual_mean_zhvi,complete_12_months
FL,12023,Columbia County,2022,251638.26,12,Zillow ZHVI county,annual_mean_zhvi,complete_12_months
FL,12023,Columbia County,2023,259616.19,12,Zillow ZHVI county,annual_mean_zhvi,complete_12_months
FL,12023,Columbia County,2024,272131.74,12,Zillow ZHVI county,annual_mean_zhvi,complete_12_months
FL,12027,De Soto County,2015,103341.36,12,Zillow ZHVI county,annual_mean_zhvi,complete_12_months
FL,12027,De Soto County,2016,118462.65,12,Zillow ZHVI county,annual_mean_zhvi,complete_12_months
FL,12027,De Soto County,2017,134413.44,12,Zillow ZHVI county,annual_mean_zhvi,complete_12_months
FL,12027,De Soto County,2018,146415.63,12,Zillow ZHVI county,annual_mean_zhvi,complete_12_months
FL,12027,De Soto County,2019,158060.37,12,Zillow ZHVI county,annual_mean_zhvi,complete_12_months
FL,12027,De Soto County,2020,168115.77,12,Zillow ZHVI county,annual_mean_zhvi,complete_12_months
FL,12027,De Soto County,2021,199962.04,12,Zillow ZHVI county,annual_mean_zhvi,complete_12_months
FL,12027,De Soto County,2022,259017.02,12,Zillow ZHVI county,annual_mean_zhvi,complete_12_months
FL,12027,De Soto County,2023,265995.31,12,Zillow ZHVI county,annual_mean_zhvi,complete_12_months
FL,12027,De Soto County,2024,268936.42,12,Zillow ZHVI county,annual_mean_zhvi,complete_12_months
FL,12029,Dixie County,2015,100498.43,12,Zillow ZHVI county,annual_mean_zhvi,complete_12_months
FL,12029,Dixie County,2016,101931.2,12,Zillow ZHVI county,annual_mean_zhvi,complete_12_months
FL,12029,Dixie County,2017,105478.85,12,Zillow ZHVI county,annual_mean_zhvi,complete_12_months
FL,12029,Dixie County,2018,113922.11,12,Zillow ZHVI county,annual_mean_zhvi,complete_12_months
FL,12029,Dixie County,2019,125364.34,12,Zillow ZHVI county,annual_mean_zhvi,complete_12_months
FL,12029,Dixie County,2020,138585.81,12,Zillow ZHVI county,annual_mean_zhvi,complete_12_months
FL,12029,Dixie County,2021,171668.07,12,Zillow ZHVI county,annual_mean_zhvi,complete_12_months
FL,12029,Dixie County,2022,209844.6,12,Zillow ZHVI county,annual_mean_zhvi,complete_12_months
FL,12029,Dixie County,2023,206688.6,12,Zillow ZHVI county,annual_mean_zhvi,complete_12_months
FL,12029,Dixie County,2024,214847.21,12,Zillow ZHVI county,annual_mean_zhvi,complete_12_months
FL,12031,Duval County,2015,142835.63,12,Zillow ZHVI county,annual_mean_zhvi,complete_12_months
FL,12031,Duval County,2016,156197.43,12,Zillow ZHVI county,annual_mean_zhvi,complete_12_months
FL,12031,Duval County,2017,171602.69,12,Zillow ZHVI county,annual_mean_zhvi,complete_12_months
FL,12031,Duval County,2018,187579.34,12,Zillow ZHVI county,annual_mean_zhvi,complete_12_months
FL,12031,Duval County,2019,200550.15,12,Zillow ZHVI county,annual_mean_zhvi,complete_12_months
FL,12031,Duval County,2020,212459.51,12,Zillow ZHVI county,annual_mean_zhvi,complete_12_months
FL,12031,Duval County,2021,247885.19,12,Zillow ZHVI county,annual_mean_zhvi,complete_12_months
FL,12031,Duval County,2022,306938.72,12,Zillow ZHVI county,annual_mean_zhvi,complete_12_months
FL,12031,Duval County,2023,311801.68,12,Zillow ZHVI county,annual_mean_zhvi,complete_12_months
FL,12031,Duval County,2024,312664.16,12,Zillow ZHVI county,annual_mean_zhvi,complete_12_months
FL,12033,Escambia County,2015,134523.76,12,Zillow ZHVI county,annual_mean_zhvi,complete_12_months
FL,12033,Escambia County,2016,143477.39,12,Zillow ZHVI county,annual_mean_zhvi,complete_12_months
FL,12033,Escambia County,2017,153858.55,12,Zillow ZHVI county,annual_mean_zhvi,complete_12_months
FL,12033,Escambia County,2018,165356.33,12,Zillow ZHVI county,annual_mean_zhvi,complete_12_months
FL,12033,Escambia County,2019,178371.82,12,Zillow ZHVI county,annual_mean_zhvi,complete_12_months
FL,12033,Escambia County,2020,196932.65,12,Zillow ZHVI county,annual_mean_zhvi,complete_12_months
FL,12033,Escambia County,2021,231314.75,12,Zillow ZHVI county,annual_mean_zhvi,complete_12_months
FL,12033,Escambia County,2022,272808.84,12,Zillow ZHVI county,annual_mean_zhvi,complete_12_months
FL,12033,Escambia County,2023,283943.13,12,Zillow ZHVI county,annual_mean_zhvi,complete_12_months
FL,12033,Escambia County,2024,287760.55,12,Zillow ZHVI county,annual_mean_zhvi,complete_12_months
FL,12035,Flagler County,2015,188948.1,12,Zillow ZHVI county,annual_mean_zhvi,complete_12_months
FL,12035,Flagler County,2016,204396.23,12,Zillow ZHVI county,annual_mean_zhvi,complete_12_months
FL,12035,Flagler County,2017,219674.27,12,Zillow ZHVI county,annual_mean_zhvi,complete_12_months
FL,12035,Flagler County,2018,234391.59,12,Zillow ZHVI county,annual_mean_zhvi,complete_12_months
FL,12035,Flagler County,2019,247029.35,12,Zillow ZHVI county,annual_mean_zhvi,complete_12_months
FL,12035,Flagler County,2020,259413.36,12,Zillow ZHVI county,annual_mean_zhvi,complete_12_months
FL,12035,Flagler County,2021,312062.56,12,Zillow ZHVI county,annual_mean_zhvi,complete_12_months
FL,12035,Flagler County,2022,390430.51,12,Zillow ZHVI county,annual_mean_zhvi,complete_12_months
FL,12035,Flagler County,2023,386584.96,12,Zillow ZHVI county,annual_mean_zhvi,complete_12_months
FL,12035,Flagler County,2024,376166.23,12,Zillow ZHVI county,annual_mean_zhvi,complete_12_months
FL,12037,Franklin County,2015,226970.75,12,Zillow ZHVI county,annual_mean_zhvi,complete_12_months
FL,12037,Franklin County,2016,237023.28,12,Zillow ZHVI county,annual_mean_zhvi,complete_12_months
FL,12037,Franklin County,2017,247608.65,12,Zillow ZHVI county,annual_mean_zhvi,complete_12_months
FL,12037,Franklin County,2018,270514.65,12,Zillow ZHVI county,annual_mean_zhvi,complete_12_months
FL,12037,Franklin County,2019,290408.56,12,Zillow ZHVI county,annual_mean_zhvi,complete_12_months
FL,12037,Franklin County,2020,315474.08,12,Zillow ZHVI county,annual_mean_zhvi,complete_12_months
FL,12037,Franklin County,2021,379075.5,12,Zillow ZHVI county,annual_mean_zhvi,complete_12_months
FL,12037,Franklin County,2022,453468.45,12,Zillow ZHVI county,annual_mean_zhvi,complete_12_months
FL,12037,Franklin County,2023,448934.39,12,Zillow ZHVI county,annual_mean_zhvi,complete_12_months
FL,12037,Franklin County,2024,467993.85,12,Zillow ZHVI county,annual_mean_zhvi,complete_12_months
FL,12039,Gadsden County,2015,95564.6,12,Zillow ZHVI county,annual_mean_zhvi,complete_12_months
FL,12039,Gadsden County,2016,98700.07,12,Zillow ZHVI county,annual_mean_zhvi,complete_12_months
FL,12039,Gadsden County,2017,102196.56,12,Zillow ZHVI county,annual_mean_zhvi,complete_12_months
FL,12039,Gadsden County,2018,112370.34,12,Zillow ZHVI county,annual_mean_zhvi,complete_12_months
FL,12039,Gadsden County,2019,122377.35,12,Zillow ZHVI county,annual_mean_zhvi,complete_12_months
FL,12039,Gadsden County,2020,133570.31,12,Zillow ZHVI county,annual_mean_zhvi,complete_12_months
FL,12039,Gadsden County,2021,152956.91,12,Zillow ZHVI county,annual_mean_zhvi,complete_12_months
FL,12039,Gadsden County,2022,180288.73,12,Zillow ZHVI county,annual_mean_zhvi,complete_12_months
FL,12039,Gadsden County,2023,195715.53,12,Zillow ZHVI county,annual_mean_zhvi,complete_12_months
FL,12039,Gadsden County,2024,207586.16,12,Zillow ZHVI county,annual_mean_zhvi,complete_12_months
FL,12041,Gilchrist County,2015,124333.15,12,Zillow ZHVI county,annual_mean_zhvi,complete_12_months
FL,12041,Gilchrist County,2016,131989.0,12,Zillow ZHVI county,annual_mean_zhvi,complete_12_months
FL,12041,Gilchrist County,2017,142841.64,12,Zillow ZHVI county,annual_mean_zhvi,complete_12_months
FL,12041,Gilchrist County,2018,153867.6,12,Zillow ZHVI county,annual_mean_zhvi,complete_12_months
FL,12041,Gilchrist County,2019,163989.83,12,Zillow ZHVI county,annual_mean_zhvi,complete_12_months
FL,12041,Gilchrist County,2020,183084.57,12,Zillow ZHVI county,annual_mean_zhvi,complete_12_months
FL,12041,Gilchrist County,2021,222250.61,12,Zillow ZHVI county,annual_mean_zhvi,complete_12_months
FL,12041,Gilchrist County,2022,264391.75,12,Zillow ZHVI county,annual_mean_zhvi,complete_12_months
FL,12041,Gilchrist County,2023,281979.4,12,Zillow ZHVI county,annual_mean_zhvi,complete_12_months
FL,12041,Gilchrist County,2024,298233.15,12,Zillow ZHVI county,annual_mean_zhvi,complete_12_months
FL,12043,Glades County,2015,103655.04,12,Zillow ZHVI county,annual_mean_zhvi,complete_12_months
FL,12043,Glades County,2016,114046.41,12,Zillow ZHVI county,annual_mean_zhvi,complete_12_months
FL,12043,Glades County,2017,122650.39,12,Zillow ZHVI county,annual_mean_zhvi,complete_12_months
FL,12043,Glades County,2018,133812.77,12,Zillow ZHVI county,annual_mean_zhvi,complete_12_months
FL,12043,Glades County,2019,143453.43,12,Zillow ZHVI county,annual_mean_zhvi,complete_12_months
FL,12043,Glades County,2020,156421.7,12,Zillow ZHVI county,annual_mean_zhvi,complete_12_months
FL,12043,Glades County,2021,187786.14,12,Zillow ZHVI county,annual_mean_zhvi,complete_12_months
FL,12043,Glades County,2022,237194.08,12,Zillow ZHVI county,annual_mean_zhvi,complete_12_months
FL,12043,Glades County,2023,256598.24,12,Zillow ZHVI county,annual_mean_zhvi,complete_12_months
FL,12043,Glades County,2024,271496.37,12,Zillow ZHVI county,annual_mean_zhvi,complete_12_months
FL,12045,Gulf County,2015,191932.58,12,Zillow ZHVI county,annual_mean_zhvi,complete_12_months
FL,12045,Gulf County,2016,201740.95,12,Zillow ZHVI county,annual_mean_zhvi,complete_12_months
FL,12045,Gulf County,2017,215769.32,12,Zillow ZHVI county,annual_mean_zhvi,complete_12_months
FL,12045,Gulf County,2018,247115.86,12,Zillow ZHVI county,annual_mean_zhvi,complete_12_months
FL,12045,Gulf County,2019,258757.67,12,Zillow ZHVI county,annual_mean_zhvi,complete_12_months
FL,12045,Gulf County,2020,273912.23,12,Zillow ZHVI county,annual_mean_zhvi,complete_12_months
FL,12045,Gulf County,2021,321339.94,12,Zillow ZHVI county,annual_mean_zhvi,complete_12_months
FL,12045,Gulf County,2022,395712.21,12,Zillow ZHVI county,annual_mean_zhvi,complete_12_months
FL,12045,Gulf County,2023,424703.92,12,Zillow ZHVI county,annual_mean_zhvi,complete_12_months
FL,12045,Gulf County,2024,436142.97,12,Zillow ZHVI county,annual_mean_zhvi,complete_12_months
FL,12047,Hamilton County,2015,86354.6,12,Zillow ZHVI county,annual_mean_zhvi,complete_12_months
FL,12047,Hamilton County,2016,93556.01,12,Zillow ZHVI county,annual_mean_zhvi,complete_12_months
FL,12047,Hamilton County,2017,99076.49,12,Zillow ZHVI county,annual_mean_zhvi,complete_12_months
FL,12047,Hamilton County,2018,102230.58,12,Zillow ZHVI county,annual_mean_zhvi,complete_12_months
FL,12047,Hamilton County,2019,108328.95,12,Zillow ZHVI county,annual_mean_zhvi,complete_12_months
FL,12047,Hamilton County,2020,119006.28,12,Zillow ZHVI county,annual_mean_zhvi,complete_12_months
FL,12047,Hamilton County,2021,146292.72,12,Zillow ZHVI county,annual_mean_zhvi,complete_12_months
FL,12047,Hamilton County,2022,181983.83,12,Zillow ZHVI county,annual_mean_zhvi,complete_12_months
FL,12047,Hamilton County,2023,194078.85,12,Zillow ZHVI county,annual_mean_zhvi,complete_12_months
FL,12047,Hamilton County,2024,202683.61,12,Zillow ZHVI county,annual_mean_zhvi,complete_12_months
FL,12049,Hardee County,2015,93116.04,12,Zillow ZHVI county,annual_mean_zhvi,complete_12_months
FL,12049,Hardee County,2016,103264.84,12,Zillow ZHVI county,annual_mean_zhvi,complete_12_months
FL,12049,Hardee County,2017,110516.14,12,Zillow ZHVI county,annual_mean_zhvi,complete_12_months
FL,12049,Hardee County,2018,121967.94,12,Zillow ZHVI county,annual_mean_zhvi,complete_12_months
FL,12049,Hardee County,2019,130615.13,12,Zillow ZHVI county,annual_mean_zhvi,complete_12_months
FL,12049,Hardee County,2020,141740.03,12,Zillow ZHVI county,annual_mean_zhvi,complete_12_months
FL,12049,Hardee County,2021,169086.49,12,Zillow ZHVI county,annual_mean_zhvi,complete_12_months
FL,12049,Hardee County,2022,204913.3,12,Zillow ZHVI county,annual_mean_zhvi,complete_12_months
FL,12049,Hardee County,2023,215724.84,12,Zillow ZHVI county,annual_mean_zhvi,complete_12_months
FL,12049,Hardee County,2024,233418.48,12,Zillow ZHVI county,annual_mean_zhvi,complete_12_months
FL,12051,Hendry County,2015,97109.16,12,Zillow ZHVI county,annual_mean_zhvi,complete_12_months
FL,12051,Hendry County,2016,111858.29,12,Zillow ZHVI county,annual_mean_zhvi,complete_12_months
FL,12051,Hendry County,2017,125759.23,12,Zillow ZHVI county,annual_mean_zhvi,complete_12_months
FL,12051,Hendry County,2018,140523.37,12,Zillow ZHVI county,annual_mean_zhvi,complete_12_months
FL,12051,Hendry County,2019,153935.03,12,Zillow ZHVI county,annual_mean_zhvi,complete_12_months
FL,12051,Hendry County,2020,166603.46,12,Zillow ZHVI county,annual_mean_zhvi,complete_12_months
FL,12051,Hendry County,2021,199919.25,12,Zillow ZHVI county,annual_mean_zhvi,complete_12_months
FL,12051,Hendry County,2022,249759.99,12,Zillow ZHVI county,annual_mean_zhvi,complete_12_months
FL,12051,Hendry County,2023,275371.14,12,Zillow ZHVI county,annual_mean_zhvi,complete_12_months
FL,12051,Hendry County,2024,291896.59,12,Zillow ZHVI county,annual_mean_zhvi,complete_12_months
FL,12053,Hernando County,2015,120736.66,12,Zillow ZHVI county,annual_mean_zhvi,complete_12_months
FL,12053,Hernando County,2016,135346.29,12,Zillow ZHVI county,annual_mean_zhvi,complete_12_months
FL,12053,Hernando County,2017,151254.67,12,Zillow ZHVI county,annual_mean_zhvi,complete_12_months
FL,12053,Hernando County,2018,168146.66,12,Zillow ZHVI county,annual_mean_zhvi,complete_12_months
FL,12053,Hernando County,2019,180158.73,12,Zillow ZHVI county,annual_mean_zhvi,complete_12_months
FL,12053,Hernando County,2020,197186.23,12,Zillow ZHVI county,annual_mean_zhvi,complete_12_months
FL,12053,Hernando County,2021,241867.18,12,Zillow ZHVI county,annual_mean_zhvi,complete_12_months
FL,12053,Hernando County,2022,314555.76,12,Zillow ZHVI county,annual_mean_zhvi,complete_12_months
FL,12053,Hernando County,2023,322641.87,12,Zillow ZHVI county,annual_mean_zhvi,complete_12_months
FL,12053,Hernando County,2024,328975.23,12,Zillow ZHVI county,annual_mean_zhvi,complete_12_months
FL,12055,Highlands County,2015,96209.5,12,Zillow ZHVI county,annual_mean_zhvi,complete_12_months
FL,12055,Highlands County,2016,107678.66,12,Zillow ZHVI county,annual_mean_zhvi,complete_12_months
FL,12055,Highlands County,2017,118793.48,12,Zillow ZHVI county,annual_mean_zhvi,complete_12_months
FL,12055,Highlands County,2018,129345.85,12,Zillow ZHVI county,annual_mean_zhvi,complete_12_months
FL,12055,Highlands County,2019,139433.03,12,Zillow ZHVI county,annual_mean_zhvi,complete_12_months
FL,12055,Highlands County,2020,149701.97,12,Zillow ZHVI county,annual_mean_zhvi,complete_12_months
FL,12055,Highlands County,2021,177554.13,12,Zillow ZHVI county,annual_mean_zhvi,complete_12_months
FL,12055,Highlands County,2022,220175.33,12,Zillow ZHVI county,annual_mean_zhvi,complete_12_months
FL,12055,Highlands County,2023,234243.65,12,Zillow ZHVI county,annual_mean_zhvi,complete_12_months
FL,12055,Highlands County,2024,243995.74,12,Zillow ZHVI county,annual_mean_zhvi,complete_12_months
FL,12057,Hillsborough County,2015,177883.74,12,Zillow ZHVI county,annual_mean_zhvi,complete_12_months
FL,12057,Hillsborough County,2016,195441.5,12,Zillow ZHVI county,annual_mean_zhvi,complete_12_months
FL,12057,Hillsborough County,2017,213228.92,12,Zillow ZHVI county,annual_mean_zhvi,complete_12_months
FL,12057,Hillsborough County,2018,229836.7,12,Zillow ZHVI county,annual_mean_zhvi,complete_12_months
FL,12057,Hillsborough County,2019,240842.34,12,Zillow ZHVI county,annual_mean_zhvi,complete_12_months
FL,12057,Hillsborough County,2020,256699.02,12,Zillow ZHVI county,annual_mean_zhvi,complete_12_months
FL,12057,Hillsborough County,2021,305662.1,12,Zillow ZHVI county,annual_mean_zhvi,complete_12_months
FL,12057,Hillsborough County,2022,389209.25,12,Zillow ZHVI county,annual_mean_zhvi,complete_12_months
FL,12057,Hillsborough County,2023,397680.36,12,Zillow ZHVI county,annual_mean_zhvi,complete_12_months
FL,12057,Hillsborough County,2024,404526.91,12,Zillow ZHVI county,annual_mean_zhvi,complete_12_months
FL,12059,Holmes County,2015,97427.8,12,Zillow ZHVI county,annual_mean_zhvi,complete_12_months
FL,12059,Holmes County,2016,101380.5,12,Zillow ZHVI county,annual_mean_zhvi,complete_12_months
FL,12059,Holmes County,2017,109599.05,12,Zillow ZHVI county,annual_mean_zhvi,complete_12_months
FL,12059,Holmes County,2018,114800.81,12,Zillow ZHVI county,annual_mean_zhvi,complete_12_months
FL,12059,Holmes County,2019,123677.71,12,Zillow ZHVI county,annual_mean_zhvi,complete_12_months
FL,12059,Holmes County,2020,136458.72,12,Zillow ZHVI county,annual_mean_zhvi,complete_12_months
FL,12059,Holmes County,2021,163922.09,12,Zillow ZHVI county,annual_mean_zhvi,complete_12_months
FL,12059,Holmes County,2022,192058.25,12,Zillow ZHVI county,annual_mean_zhvi,complete_12_months
FL,12059,Holmes County,2023,187127.45,12,Zillow ZHVI county,annual_mean_zhvi,complete_12_months
FL,12059,Holmes County,2024,195722.63,12,Zillow ZHVI county,annual_mean_zhvi,complete_12_months
FL,12061,Indian River County,2015,176818.38,12,Zillow ZHVI county,annual_mean_zhvi,complete_12_months
FL,12061,Indian River County,2016,195524.26,12,Zillow ZHVI county,annual_mean_zhvi,complete_12_months
FL,12061,Indian River County,2017,215426.7,12,Zillow ZHVI county,annual_mean_zhvi,complete_12_months
FL,12061,Indian River County,2018,233954.91,12,Zillow ZHVI county,annual_mean_zhvi,complete_12_months
FL,12061,Indian River County,2019,244854.84,12,Zillow ZHVI county,annual_mean_zhvi,complete_12_months
FL,12061,Indian River County,2020,255767.03,12,Zillow ZHVI county,annual_mean_zhvi,complete_12_months
FL,12061,Indian River County,2021,298642.02,12,Zillow ZHVI county,annual_mean_zhvi,complete_12_months
FL,12061,Indian River County,2022,379296.69,12,Zillow ZHVI county,annual_mean_zhvi,complete_12_months
FL,12061,Indian River County,2023,393112.25,12,Zillow ZHVI county,annual_mean_zhvi,complete_12_months
FL,12061,Indian River County,2024,394498.4,12,Zillow ZHVI county,annual_mean_zhvi,complete_12_months
FL,12063,Jackson County,2015,91901.17,12,Zillow ZHVI county,annual_mean_zhvi,complete_12_months
FL,12063,Jackson County,2016,99562.86,12,Zillow ZHVI county,annual_mean_zhvi,complete_12_months
FL,12063,Jackson County,2017,102125.77,12,Zillow ZHVI county,annual_mean_zhvi,complete_12_months
FL,12063,Jackson County,2018,108683.69,12,Zillow ZHVI county,annual_mean_zhvi,complete_12_months
FL,12063,Jackson County,2019,117305.25,12,Zillow ZHVI county,annual_mean_zhvi,complete_12_months
FL,12063,Jackson County,2020,126435.2,12,Zillow ZHVI county,annual_mean_zhvi,complete_12_months
FL,12063,Jackson County,2021,151136.68,12,Zillow ZHVI county,annual_mean_zhvi,complete_12_months
FL,12063,Jackson County,2022,175051.06,12,Zillow ZHVI county,annual_mean_zhvi,complete_12_months
FL,12063,Jackson County,2023,177494.09,12,Zillow ZHVI county,annual_mean_zhvi,complete_12_months
FL,12063,Jackson County,2024,182571.5,12,Zillow ZHVI county,annual_mean_zhvi,complete_12_months
FL,12065,Jefferson County,2015,142524.28,12,Zillow ZHVI county,annual_mean_zhvi,complete_12_months
FL,12065,Jefferson County,2016,152817.64,12,Zillow ZHVI county,annual_mean_zhvi,complete_12_months
FL,12065,Jefferson County,2017,154897.83,12,Zillow ZHVI county,annual_mean_zhvi,complete_12_months
FL,12065,Jefferson County,2018,156609.27,12,Zillow ZHVI county,annual_mean_zhvi,complete_12_months
FL,12065,Jefferson County,2019,168456.31,12,Zillow ZHVI county,annual_mean_zhvi,complete_12_months
FL,12065,Jefferson County,2020,195578.24,12,Zillow ZHVI county,annual_mean_zhvi,complete_12_months
FL,12065,Jefferson County,2021,229396.44,12,Zillow ZHVI county,annual_mean_zhvi,complete_12_months
FL,12065,Jefferson County,2022,271350.46,12,Zillow ZHVI county,annual_mean_zhvi,complete_12_months
FL,12065,Jefferson County,2023,287801.39,12,Zillow ZHVI county,annual_mean_zhvi,complete_12_months
FL,12065,Jefferson County,2024,299444.0,12,Zillow ZHVI county,annual_mean_zhvi,complete_12_months
FL,12067,Lafayette County,2015,120154.69,12,Zillow ZHVI county,annual_mean_zhvi,complete_12_months
FL,12067,Lafayette County,2016,127899.09,12,Zillow ZHVI county,annual_mean_zhvi,complete_12_months
FL,12067,Lafayette County,2017,132992.7,12,Zillow ZHVI county,annual_mean_zhvi,complete_12_months
FL,12067,Lafayette County,2018,137559.71,12,Zillow ZHVI county,annual_mean_zhvi,complete_12_months
FL,12067,Lafayette County,2019,143626.71,12,Zillow ZHVI county,annual_mean_zhvi,complete_12_months
FL,12067,Lafayette County,2020,157971.83,12,Zillow ZHVI county,annual_mean_zhvi,complete_12_months
FL,12067,Lafayette County,2021,193884.92,12,Zillow ZHVI county,annual_mean_zhvi,complete_12_months
FL,12067,Lafayette County,2022,230012.88,12,Zillow ZHVI county,annual_mean_zhvi,complete_12_months
FL,12067,Lafayette County,2023,229063.96,12,Zillow ZHVI county,annual_mean_zhvi,complete_12_months
FL,12067,Lafayette County,2024,251535.41,12,Zillow ZHVI county,annual_mean_zhvi,complete_12_months
FL,12069,Lake County,2015,177964.02,12,Zillow ZHVI county,annual_mean_zhvi,complete_12_months
FL,12069,Lake County,2016,192907.1,12,Zillow ZHVI county,annual_mean_zhvi,complete_12_months
FL,12069,Lake County,2017,208712.06,12,Zillow ZHVI county,annual_mean_zhvi,complete_12_months
FL,12069,Lake County,2018,226291.67,12,Zillow ZHVI county,annual_mean_zhvi,complete_12_months
FL,12069,Lake County,2019,241730.49,12,Zillow ZHVI county,annual_mean_zhvi,complete_12_months
FL,12069,Lake County,2020,256712.04,12,Zillow ZHVI county,annual_mean_zhvi,complete_12_months
FL,12069,Lake County,2021,294685.77,12,Zillow ZHVI county,annual_mean_zhvi,complete_12_months
FL,12069,Lake County,2022,367193.88,12,Zillow ZHVI county,annual_mean_zhvi,complete_12_months
FL,12069,Lake County,2023,378190.18,12,Zillow ZHVI county,annual_mean_zhvi,complete_12_months
FL,12069,Lake County,2024,382924.56,12,Zillow ZHVI county,annual_mean_zhvi,complete_12_months
FL,12071,Lee County,2015,195847.58,12,Zillow ZHVI county,annual_mean_zhvi,complete_12_months
FL,12071,Lee County,2016,218293.57,12,Zillow ZHVI county,annual_mean_zhvi,complete_12_months
FL,12071,Lee County,2017,229086.82,12,Zillow ZHVI county,annual_mean_zhvi,complete_12_months
FL,12071,Lee County,2018,236018.71,12,Zillow ZHVI county,annual_mean_zhvi,complete_12_months
FL,12071,Lee County,2019,240165.47,12,Zillow ZHVI county,annual_mean_zhvi,complete_12_months
FL,12071,Lee County,2020,248652.66,12,Zillow ZHVI county,annual_mean_zhvi,complete_12_months
FL,12071,Lee County,2021,298578.63,12,Zillow ZHVI county,annual_mean_zhvi,complete_12_months
FL,12071,Lee County,2022,394236.91,12,Zillow ZHVI county,annual_mean_zhvi,complete_12_months
FL,12071,Lee County,2023,406115.44,12,Zillow ZHVI county,annual_mean_zhvi,complete_12_months
FL,12071,Lee County,2024,395545.18,12,Zillow ZHVI county,annual_mean_zhvi,complete_12_months
FL,12073,Leon County,2015,169759.8,12,Zillow ZHVI county,annual_mean_zhvi,complete_12_months
FL,12073,Leon County,2016,178950.91,12,Zillow ZHVI county,annual_mean_zhvi,complete_12_months
FL,12073,Leon County,2017,187790.43,12,Zillow ZHVI county,annual_mean_zhvi,complete_12_months
FL,12073,Leon County,2018,197205.13,12,Zillow ZHVI county,annual_mean_zhvi,complete_12_months
FL,12073,Leon County,2019,207685.99,12,Zillow ZHVI county,annual_mean_zhvi,complete_12_months
FL,12073,Leon County,2020,222283.94,12,Zillow ZHVI county,annual_mean_zhvi,complete_12_months
FL,12073,Leon County,2021,245762.79,12,Zillow ZHVI county,annual_mean_zhvi,complete_12_months
FL,12073,Leon County,2022,274826.23,12,Zillow ZHVI county,annual_mean_zhvi,complete_12_months
FL,12073,Leon County,2023,287473.64,12,Zillow ZHVI county,annual_mean_zhvi,complete_12_months
FL,12073,Leon County,2024,297606.48,12,Zillow ZHVI county,annual_mean_zhvi,complete_12_months
FL,12075,Levy County,2015,124329.49,12,Zillow ZHVI county,annual_mean_zhvi,complete_12_months
FL,12075,Levy County,2016,133054.4,12,Zillow ZHVI county,annual_mean_zhvi,complete_12_months
FL,12075,Levy County,2017,140285.79,12,Zillow ZHVI county,annual_mean_zhvi,complete_12_months
FL,12075,Levy County,2018,152087.46,12,Zillow ZHVI county,annual_mean_zhvi,complete_12_months
FL,12075,Levy County,2019,172111.48,12,Zillow ZHVI county,annual_mean_zhvi,complete_12_months
FL,12075,Levy County,2020,189200.8,12,Zillow ZHVI county,annual_mean_zhvi,complete_12_months
FL,12075,Levy County,2021,225193.69,12,Zillow ZHVI county,annual_mean_zhvi,complete_12_months
FL,12075,Levy County,2022,272646.05,12,Zillow ZHVI county,annual_mean_zhvi,complete_12_months
FL,12075,Levy County,2023,286182.34,12,Zillow ZHVI county,annual_mean_zhvi,complete_12_months
FL,12075,Levy County,2024,300919.48,12,Zillow ZHVI county,annual_mean_zhvi,complete_12_months
FL,12077,Liberty County,2015,100413.98,12,Zillow ZHVI county,annual_mean_zhvi,complete_12_months
FL,12077,Liberty County,2016,109070.82,12,Zillow ZHVI county,annual_mean_zhvi,complete_12_months
FL,12077,Liberty County,2017,112330.58,12,Zillow ZHVI county,annual_mean_zhvi,complete_12_months
FL,12077,Liberty County,2018,118056.86,12,Zillow ZHVI county,annual_mean_zhvi,complete_12_months
FL,12077,Liberty County,2019,121569.41,12,Zillow ZHVI county,annual_mean_zhvi,complete_12_months
FL,12077,Liberty County,2020,129845.13,12,Zillow ZHVI county,annual_mean_zhvi,complete_12_months
FL,12077,Liberty County,2021,153945.67,12,Zillow ZHVI county,annual_mean_zhvi,complete_12_months
FL,12077,Liberty County,2022,177489.23,12,Zillow ZHVI county,annual_mean_zhvi,complete_12_months
FL,12077,Liberty County,2023,186498.93,12,Zillow ZHVI county,annual_mean_zhvi,complete_12_months
FL,12077,Liberty County,2024,199916.81,12,Zillow ZHVI county,annual_mean_zhvi,complete_12_months
FL,12079,Madison County,2015,100108.11,12,Zillow ZHVI county,annual_mean_zhvi,complete_12_months
FL,12079,Madison County,2016,107821.88,12,Zillow ZHVI county,annual_mean_zhvi,complete_12_months
FL,12079,Madison County,2017,113589.31,12,Zillow ZHVI county,annual_mean_zhvi,complete_12_months
FL,12079,Madison County,2018,116059.44,12,Zillow ZHVI county,annual_mean_zhvi,complete_12_months
FL,12079,Madison County,2019,124553.5,12,Zillow ZHVI county,annual_mean_zhvi,complete_12_months
FL,12079,Madison County,2020,135372.02,12,Zillow ZHVI county,annual_mean_zhvi,complete_12_months
FL,12079,Madison County,2021,164811.78,12,Zillow ZHVI county,annual_mean_zhvi,complete_12_months
FL,12079,Madison County,2022,201888.06,12,Zillow ZHVI county,annual_mean_zhvi,complete_12_months
FL,12079,Madison County,2023,204305.19,12,Zillow ZHVI county,annual_mean_zhvi,complete_12_months
FL,12079,Madison County,2024,212296.4,12,Zillow ZHVI county,annual_mean_zhvi,complete_12_months
FL,12081,Manatee County,2015,223961.86,12,Zillow ZHVI county,annual_mean_zhvi,complete_12_months
FL,12081,Manatee County,2016,244063.7,12,Zillow ZHVI county,annual_mean_zhvi,complete_12_months
FL,12081,Manatee County,2017,257636.03,12,Zillow ZHVI county,annual_mean_zhvi,complete_12_months
FL,12081,Manatee County,2018,269858.08,12,Zillow ZHVI county,annual_mean_zhvi,complete_12_months
FL,12081,Manatee County,2019,280054.45,12,Zillow ZHVI county,annual_mean_zhvi,complete_12_months
FL,12081,Manatee County,2020,292490.7,12,Zillow ZHVI county,annual_mean_zhvi,complete_12_months
FL,12081,Manatee County,2021,347187.24,12,Zillow ZHVI county,annual_mean_zhvi,complete_12_months
FL,12081,Manatee County,2022,457948.66,12,Zillow ZHVI county,annual_mean_zhvi,complete_12_months
FL,12081,Manatee County,2023,471037.54,12,Zillow ZHVI county,annual_mean_zhvi,complete_12_months
FL,12081,Manatee County,2024,462508.81,12,Zillow ZHVI county,annual_mean_zhvi,complete_12_months
FL,12083,Marion County,2015,122529.03,12,Zillow ZHVI county,annual_mean_zhvi,complete_12_months
FL,12083,Marion County,2016,133679.51,12,Zillow ZHVI county,annual_mean_zhvi,complete_12_months
FL,12083,Marion County,2017,145787.54,12,Zillow ZHVI county,annual_mean_zhvi,complete_12_months
FL,12083,Marion County,2018,159215.21,12,Zillow ZHVI county,annual_mean_zhvi,complete_12_months
FL,12083,Marion County,2019,169556.49,12,Zillow ZHVI county,annual_mean_zhvi,complete_12_months
FL,12083,Marion County,2020,181297.94,12,Zillow ZHVI county,annual_mean_zhvi,complete_12_months
FL,12083,Marion County,2021,215116.04,12,Zillow ZHVI county,annual_mean_zhvi,complete_12_months
FL,12083,Marion County,2022,276114.83,12,Zillow ZHVI county,annual_mean_zhvi,complete_12_months
FL,12083,Marion County,2023,287957.51,12,Zillow ZHVI county,annual_mean_zhvi,complete_12_months
FL,12083,Marion County,2024,287821.13,12,Zillow ZHVI county,annual_mean_zhvi,complete_12_months
FL,12085,Martin County,2015,220827.18,12,Zillow ZHVI county,annual_mean_zhvi,complete_12_months
FL,12085,Martin County,2016,245381.83,12,Zillow ZHVI county,annual_mean_zhvi,complete_12_months
FL,12085,Martin County,2017,265273.61,12,Zillow ZHVI county,annual_mean_zhvi,complete_12_months
FL,12085,Martin County,2018,281055.68,12,Zillow ZHVI county,annual_mean_zhvi,complete_12_months
FL,12085,Martin County,2019,290653.5,12,Zillow ZHVI county,annual_mean_zhvi,complete_12_months
FL,12085,Martin County,2020,306003.52,12,Zillow ZHVI county,annual_mean_zhvi,complete_12_months
FL,12085,Martin County,2021,360290.3,12,Zillow ZHVI county,annual_mean_zhvi,complete_12_months
FL,12085,Martin County,2022,453950.93,12,Zillow ZHVI county,annual_mean_zhvi,complete_12_months
FL,12085,Martin County,2023,479714.31,12,Zillow ZHVI county,annual_mean_zhvi,complete_12_months
FL,12085,Martin County,2024,483617.71,12,Zillow ZHVI county,annual_mean_zhvi,complete_12_months
FL,12086,Miami-Dade County,2015,242822.07,12,Zillow ZHVI county,annual_mean_zhvi,complete_12_months
FL,12086,Miami-Dade County,2016,266705.47,12,Zillow ZHVI county,annual_mean_zhvi,complete_12_months
FL,12086,Miami-Dade County,2017,285659.95,12,Zillow ZHVI county,annual_mean_zhvi,complete_12_months
FL,12086,Miami-Dade County,2018,303900.11,12,Zillow ZHVI county,annual_mean_zhvi,complete_12_months
FL,12086,Miami-Dade County,2019,316442.99,12,Zillow ZHVI county,annual_mean_zhvi,complete_12_months
FL,12086,Miami-Dade County,2020,333149.51,12,Zillow ZHVI county,annual_mean_zhvi,complete_12_months
FL,12086,Miami-Dade County,2021,376535.29,12,Zillow ZHVI county,annual_mean_zhvi,complete_12_months
FL,12086,Miami-Dade County,2022,458450.97,12,Zillow ZHVI county,annual_mean_zhvi,complete_12_months
FL,12086,Miami-Dade County,2023,500907.42,12,Zillow ZHVI county,annual_mean_zhvi,complete_12_months
FL,12086,Miami-Dade County,2024,537394.48,12,Zillow ZHVI county,annual_mean_zhvi,complete_12_months
FL,12087,Monroe County,2015,,0,Zillow ZHVI county,annual_mean_zhvi,source_data_unavailable
FL,12087,Monroe County,2016,525541.63,11,Zillow ZHVI county,annual_mean_zhvi,partial_10_11_months
FL,12087,Monroe County,2017,550769.71,12,Zillow ZHVI county,annual_mean_zhvi,complete_12_months
FL,12087,Monroe County,2018,571990.33,12,Zillow ZHVI county,annual_mean_zhvi,complete_12_months
FL,12087,Monroe County,2019,587324.68,12,Zillow ZHVI county,annual_mean_zhvi,complete_12_months
FL,12087,Monroe County,2020,621344.27,12,Zillow ZHVI county,annual_mean_zhvi,complete_12_months
FL,12087,Monroe County,2021,737745.44,12,Zillow ZHVI county,annual_mean_zhvi,complete_12_months
FL,12087,Monroe County,2022,957051.93,12,Zillow ZHVI county,annual_mean_zhvi,complete_12_months
FL,12087,Monroe County,2023,996718.86,12,Zillow ZHVI county,annual_mean_zhvi,complete_12_months
FL,12087,Monroe County,2024,1016734.28,12,Zillow ZHVI county,annual_mean_zhvi,complete_12_months
FL,12089,Nassau County,2015,235076.83,12,Zillow ZHVI county,annual_mean_zhvi,complete_12_months
FL,12089,Nassau County,2016,247260.69,12,Zillow ZHVI county,annual_mean_zhvi,complete_12_months
FL,12089,Nassau County,2017,264256.0,12,Zillow ZHVI county,annual_mean_zhvi,complete_12_months
FL,12089,Nassau County,2018,285383.99,12,Zillow ZHVI county,annual_mean_zhvi,complete_12_months
FL,12089,Nassau County,2019,304496.52,12,Zillow ZHVI county,annual_mean_zhvi,complete_12_months
FL,12089,Nassau County,2020,327054.56,12,Zillow ZHVI county,annual_mean_zhvi,complete_12_months
FL,12089,Nassau County,2021,384455.44,12,Zillow ZHVI county,annual_mean_zhvi,complete_12_months
FL,12089,Nassau County,2022,476374.05,12,Zillow ZHVI county,annual_mean_zhvi,complete_12_months
FL,12089,Nassau County,2023,490261.06,12,Zillow ZHVI county,annual_mean_zhvi,complete_12_months
FL,12089,Nassau County,2024,496038.0,12,Zillow ZHVI county,annual_mean_zhvi,complete_12_months
FL,12091,Okaloosa County,2015,194861.95,12,Zillow ZHVI county,annual_mean_zhvi,complete_12_months
FL,12091,Okaloosa County,2016,203101.38,12,Zillow ZHVI county,annual_mean_zhvi,complete_12_months
FL,12091,Okaloosa County,2017,214817.25,12,Zillow ZHVI county,annual_mean_zhvi,complete_12_months
FL,12091,Okaloosa County,2018,229888.79,12,Zillow ZHVI county,annual_mean_zhvi,complete_12_months
FL,12091,Okaloosa County,2019,243423.2,12,Zillow ZHVI county,annual_mean_zhvi,complete_12_months
FL,12091,Okaloosa County,2020,263982.2,12,Zillow ZHVI county,annual_mean_zhvi,complete_12_months
FL,12091,Okaloosa County,2021,308600.67,12,Zillow ZHVI county,annual_mean_zhvi,complete_12_months
FL,12091,Okaloosa County,2022,363512.34,12,Zillow ZHVI county,annual_mean_zhvi,complete_12_months
FL,12091,Okaloosa County,2023,370990.64,12,Zillow ZHVI county,annual_mean_zhvi,complete_12_months
FL,12091,Okaloosa County,2024,369618.81,12,Zillow ZHVI county,annual_mean_zhvi,complete_12_months
FL,12093,Okeechobee County,2015,105161.47,12,Zillow ZHVI county,annual_mean_zhvi,complete_12_months
FL,12093,Okeechobee County,2016,117570.91,12,Zillow ZHVI county,annual_mean_zhvi,complete_12_months
FL,12093,Okeechobee County,2017,129224.97,12,Zillow ZHVI county,annual_mean_zhvi,complete_12_months
FL,12093,Okeechobee County,2018,146389.24,12,Zillow ZHVI county,annual_mean_zhvi,complete_12_months
FL,12093,Okeechobee County,2019,161306.79,12,Zillow ZHVI county,annual_mean_zhvi,complete_12_months
FL,12093,Okeechobee County,2020,173243.57,12,Zillow ZHVI county,annual_mean_zhvi,complete_12_months
FL,12093,Okeechobee County,2021,203214.96,12,Zillow ZHVI county,annual_mean_zhvi,complete_12_months
FL,12093,Okeechobee County,2022,249817.75,12,Zillow ZHVI county,annual_mean_zhvi,complete_12_months
FL,12093,Okeechobee County,2023,268597.92,12,Zillow ZHVI county,annual_mean_zhvi,complete_12_months
FL,12093,Okeechobee County,2024,285438.67,12,Zillow ZHVI county,annual_mean_zhvi,complete_12_months
FL,12095,Orange County,2015,193881.15,12,Zillow ZHVI county,annual_mean_zhvi,complete_12_months
FL,12095,Orange County,2016,211610.09,12,Zillow ZHVI county,annual_mean_zhvi,complete_12_months
FL,12095,Orange County,2017,230760.0,12,Zillow ZHVI county,annual_mean_zhvi,complete_12_months
FL,12095,Orange County,2018,251297.04,12,Zillow ZHVI county,annual_mean_zhvi,complete_12_months
FL,12095,Orange County,2019,267235.45,12,Zillow ZHVI county,annual_mean_zhvi,complete_12_months
FL,12095,Orange County,2020,282197.46,12,Zillow ZHVI county,annual_mean_zhvi,complete_12_months
FL,12095,Orange County,2021,320263.4,12,Zillow ZHVI county,annual_mean_zhvi,complete_12_months
FL,12095,Orange County,2022,392785.91,12,Zillow ZHVI county,annual_mean_zhvi,complete_12_months
FL,12095,Orange County,2023,411403.25,12,Zillow ZHVI county,annual_mean_zhvi,complete_12_months
FL,12095,Orange County,2024,425194.17,12,Zillow ZHVI county,annual_mean_zhvi,complete_12_months
FL,12097,Osceola County,2015,178014.51,12,Zillow ZHVI county,annual_mean_zhvi,complete_12_months
FL,12097,Osceola County,2016,192506.85,12,Zillow ZHVI county,annual_mean_zhvi,complete_12_months
FL,12097,Osceola County,2017,208886.83,12,Zillow ZHVI county,annual_mean_zhvi,complete_12_months
FL,12097,Osceola County,2018,226509.32,12,Zillow ZHVI county,annual_mean_zhvi,complete_12_months
FL,12097,Osceola County,2019,243406.09,12,Zillow ZHVI county,annual_mean_zhvi,complete_12_months
FL,12097,Osceola County,2020,258231.34,12,Zillow ZHVI county,annual_mean_zhvi,complete_12_months
FL,12097,Osceola County,2021,295133.95,12,Zillow ZHVI county,annual_mean_zhvi,complete_12_months
FL,12097,Osceola County,2022,374776.1,12,Zillow ZHVI county,annual_mean_zhvi,complete_12_months
FL,12097,Osceola County,2023,388890.39,12,Zillow ZHVI county,annual_mean_zhvi,complete_12_months
FL,12097,Osceola County,2024,391386.16,12,Zillow ZHVI county,annual_mean_zhvi,complete_12_months
FL,12099,Palm Beach County,2015,231221.87,12,Zillow ZHVI county,annual_mean_zhvi,complete_12_months
FL,12099,Palm Beach County,2016,253238.0,12,Zillow ZHVI county,annual_mean_zhvi,complete_12_months
FL,12099,Palm Beach County,2017,270872.15,12,Zillow ZHVI county,annual_mean_zhvi,complete_12_months
FL,12099,Palm Beach County,2018,287902.44,12,Zillow ZHVI county,annual_mean_zhvi,complete_12_months
FL,12099,Palm Beach County,2019,299839.31,12,Zillow ZHVI county,annual_mean_zhvi,complete_12_months
FL,12099,Palm Beach County,2020,313665.11,12,Zillow ZHVI county,annual_mean_zhvi,complete_12_months
FL,12099,Palm Beach County,2021,363534.67,12,Zillow ZHVI county,annual_mean_zhvi,complete_12_months
FL,12099,Palm Beach County,2022,460300.63,12,Zillow ZHVI county,annual_mean_zhvi,complete_12_months
FL,12099,Palm Beach County,2023,486342.92,12,Zillow ZHVI county,annual_mean_zhvi,complete_12_months
FL,12099,Palm Beach County,2024,500210.68,12,Zillow ZHVI county,annual_mean_zhvi,complete_12_months
FL,12101,Pasco County,2015,152107.84,12,Zillow ZHVI county,annual_mean_zhvi,complete_12_months
FL,12101,Pasco County,2016,167127.55,12,Zillow ZHVI county,annual_mean_zhvi,complete_12_months
FL,12101,Pasco County,2017,184588.07,12,Zillow ZHVI county,annual_mean_zhvi,complete_12_months
FL,12101,Pasco County,2018,200703.38,12,Zillow ZHVI county,annual_mean_zhvi,complete_12_months
FL,12101,Pasco County,2019,212631.1,12,Zillow ZHVI county,annual_mean_zhvi,complete_12_months
FL,12101,Pasco County,2020,227416.67,12,Zillow ZHVI county,annual_mean_zhvi,complete_12_months
FL,12101,Pasco County,2021,274227.05,12,Zillow ZHVI county,annual_mean_zhvi,complete_12_months
FL,12101,Pasco County,2022,348673.39,12,Zillow ZHVI county,annual_mean_zhvi,complete_12_months
FL,12101,Pasco County,2023,356134.55,12,Zillow ZHVI county,annual_mean_zhvi,complete_12_months
FL,12101,Pasco County,2024,358972.06,12,Zillow ZHVI county,annual_mean_zhvi,complete_12_months
FL,12103,Pinellas County,2015,173899.36,12,Zillow ZHVI county,annual_mean_zhvi,complete_12_months
FL,12103,Pinellas County,2016,194956.5,12,Zillow ZHVI county,annual_mean_zhvi,complete_12_months
FL,12103,Pinellas County,2017,214169.98,12,Zillow ZHVI county,annual_mean_zhvi,complete_12_months
FL,12103,Pinellas County,2018,232290.4,12,Zillow ZHVI county,annual_mean_zhvi,complete_12_months
FL,12103,Pinellas County,2019,247619.9,12,Zillow ZHVI county,annual_mean_zhvi,complete_12_months
FL,12103,Pinellas County,2020,267672.72,12,Zillow ZHVI county,annual_mean_zhvi,complete_12_months
FL,12103,Pinellas County,2021,316309.5,12,Zillow ZHVI county,annual_mean_zhvi,complete_12_months
FL,12103,Pinellas County,2022,389746.63,12,Zillow ZHVI county,annual_mean_zhvi,complete_12_months
FL,12103,Pinellas County,2023,403445.67,12,Zillow ZHVI county,annual_mean_zhvi,complete_12_months
FL,12103,Pinellas County,2024,410813.2,12,Zillow ZHVI county,annual_mean_zhvi,complete_12_months
FL,12105,Polk County,2015,137918.02,12,Zillow ZHVI county,annual_mean_zhvi,complete_12_months
FL,12105,Polk County,2016,150517.87,12,Zillow ZHVI county,annual_mean_zhvi,complete_12_months
FL,12105,Polk County,2017,164675.07,12,Zillow ZHVI county,annual_mean_zhvi,complete_12_months
FL,12105,Polk County,2018,180637.8,12,Zillow ZHVI county,annual_mean_zhvi,complete_12_months
FL,12105,Polk County,2019,195004.87,12,Zillow ZHVI county,annual_mean_zhvi,complete_12_months
FL,12105,Polk County,2020,209672.18,12,Zillow ZHVI county,annual_mean_zhvi,complete_12_months
FL,12105,Polk County,2021,245670.63,12,Zillow ZHVI county,annual_mean_zhvi,complete_12_months
FL,12105,Polk County,2022,309872.13,12,Zillow ZHVI county,annual_mean_zhvi,complete_12_months
FL,12105,Polk County,2023,317662.16,12,Zillow ZHVI county,annual_mean_zhvi,complete_12_months
FL,12105,Polk County,2024,319178.51,12,Zillow ZHVI county,annual_mean_zhvi,complete_12_months
FL,12107,Putnam County,2015,89916.76,12,Zillow ZHVI county,annual_mean_zhvi,complete_12_months
FL,12107,Putnam County,2016,95888.52,12,Zillow ZHVI county,annual_mean_zhvi,complete_12_months
FL,12107,Putnam County,2017,103815.79,12,Zillow ZHVI county,annual_mean_zhvi,complete_12_months
FL,12107,Putnam County,2018,116313.94,12,Zillow ZHVI county,annual_mean_zhvi,complete_12_months
FL,12107,Putnam County,2019,132464.22,12,Zillow ZHVI county,annual_mean_zhvi,complete_12_months
FL,12107,Putnam County,2020,150206.38,12,Zillow ZHVI county,annual_mean_zhvi,complete_12_months
FL,12107,Putnam County,2021,181426.64,12,Zillow ZHVI county,annual_mean_zhvi,complete_12_months
FL,12107,Putnam County,2022,212420.02,12,Zillow ZHVI county,annual_mean_zhvi,complete_12_months
FL,12107,Putnam County,2023,214431.57,12,Zillow ZHVI county,annual_mean_zhvi,complete_12_months
FL,12107,Putnam County,2024,221836.89,12,Zillow ZHVI county,annual_mean_zhvi,complete_12_months
FL,12109,Saint Johns County,2015,270081.78,12,Zillow ZHVI county,annual_mean_zhvi,complete_12_months
FL,12109,Saint Johns County,2016,284076.22,12,Zillow ZHVI county,annual_mean_zhvi,complete_12_months
FL,12109,Saint Johns County,2017,295898.82,12,Zillow ZHVI county,annual_mean_zhvi,complete_12_months
FL,12109,Saint Johns County,2018,313001.21,12,Zillow ZHVI county,annual_mean_zhvi,complete_12_months
FL,12109,Saint Johns County,2019,323704.23,12,Zillow ZHVI county,annual_mean_zhvi,complete_12_months
FL,12109,Saint Johns County,2020,339559.26,12,Zillow ZHVI county,annual_mean_zhvi,complete_12_months
FL,12109,Saint Johns County,2021,403910.2,12,Zillow ZHVI county,annual_mean_zhvi,complete_12_months
FL,12109,Saint Johns County,2022,513365.87,12,Zillow ZHVI county,annual_mean_zhvi,complete_12_months
FL,12109,Saint Johns County,2023,522333.11,12,Zillow ZHVI county,annual_mean_zhvi,complete_12_months
FL,12109,Saint Johns County,2024,522712.04,12,Zillow ZHVI county,annual_mean_zhvi,complete_12_months
FL,12111,Saint Lucie County,2015,154844.76,12,Zillow ZHVI county,annual_mean_zhvi,complete_12_months
FL,12111,Saint Lucie County,2016,180849.72,12,Zillow ZHVI county,annual_mean_zhvi,complete_12_months
FL,12111,Saint Lucie County,2017,200690.76,12,Zillow ZHVI county,annual_mean_zhvi,complete_12_months
FL,12111,Saint Lucie County,2018,219635.05,12,Zillow ZHVI county,annual_mean_zhvi,complete_12_months
FL,12111,Saint Lucie County,2019,231499.14,12,Zillow ZHVI county,annual_mean_zhvi,complete_12_months
FL,12111,Saint Lucie County,2020,243470.55,12,Zillow ZHVI county,annual_mean_zhvi,complete_12_months
FL,12111,Saint Lucie County,2021,292478.32,12,Zillow ZHVI county,annual_mean_zhvi,complete_12_months
FL,12111,Saint Lucie County,2022,377554.74,12,Zillow ZHVI county,annual_mean_zhvi,complete_12_months
FL,12111,Saint Lucie County,2023,388423.58,12,Zillow ZHVI county,annual_mean_zhvi,complete_12_months
FL,12111,Saint Lucie County,2024,396626.49,12,Zillow ZHVI county,annual_mean_zhvi,complete_12_months
FL,12113,Santa Rosa County,2015,175777.32,12,Zillow ZHVI county,annual_mean_zhvi,complete_12_months
FL,12113,Santa Rosa County,2016,181476.96,12,Zillow ZHVI county,annual_mean_zhvi,complete_12_months
FL,12113,Santa Rosa County,2017,192834.15,12,Zillow ZHVI county,annual_mean_zhvi,complete_12_months
FL,12113,Santa Rosa County,2018,209696.61,12,Zillow ZHVI county,annual_mean_zhvi,complete_12_months
FL,12113,Santa Rosa County,2019,222394.77,12,Zillow ZHVI county,annual_mean_zhvi,complete_12_months
FL,12113,Santa Rosa County,2020,242647.41,12,Zillow ZHVI county,annual_mean_zhvi,complete_12_months
FL,12113,Santa Rosa County,2021,289881.79,12,Zillow ZHVI county,annual_mean_zhvi,complete_12_months
FL,12113,Santa Rosa County,2022,344486.9,12,Zillow ZHVI county,annual_mean_zhvi,complete_12_months
FL,12113,Santa Rosa County,2023,353954.24,12,Zillow ZHVI county,annual_mean_zhvi,complete_12_months
FL,12113,Santa Rosa County,2024,357414.24,12,Zillow ZHVI county,annual_mean_zhvi,complete_12_months
FL,12115,Sarasota County,2015,229705.37,12,Zillow ZHVI county,annual_mean_zhvi,complete_12_months
FL,12115,Sarasota County,2016,252462.7,12,Zillow ZHVI county,annual_mean_zhvi,complete_12_months
FL,12115,Sarasota County,2017,265469.01,12,Zillow ZHVI county,annual_mean_zhvi,complete_12_months
FL,12115,Sarasota County,2018,274500.07,12,Zillow ZHVI county,annual_mean_zhvi,complete_12_months
FL,12115,Sarasota County,2019,279405.97,12,Zillow ZHVI county,annual_mean_zhvi,complete_12_months
FL,12115,Sarasota County,2020,292164.87,12,Zillow ZHVI county,annual_mean_zhvi,complete_12_months
FL,12115,Sarasota County,2021,351826.37,12,Zillow ZHVI county,annual_mean_zhvi,complete_12_months
FL,12115,Sarasota County,2022,462413.47,12,Zillow ZHVI county,annual_mean_zhvi,complete_12_months
FL,12115,Sarasota County,2023,475736.09,12,Zillow ZHVI county,annual_mean_zhvi,complete_12_months
FL,12115,Sarasota County,2024,462381.34,12,Zillow ZHVI county,annual_mean_zhvi,complete_12_months
FL,12117,Seminole County,2015,194129.21,12,Zillow ZHVI county,annual_mean_zhvi,complete_12_months
FL,12117,Seminole County,2016,211668.98,12,Zillow ZHVI county,annual_mean_zhvi,complete_12_months
FL,12117,Seminole County,2017,229745.83,12,Zillow ZHVI county,annual_mean_zhvi,complete_12_months
FL,12117,Seminole County,2018,248884.21,12,Zillow ZHVI county,annual_mean_zhvi,complete_12_months
FL,12117,Seminole County,2019,265280.2,12,Zillow ZHVI county,annual_mean_zhvi,complete_12_months
FL,12117,Seminole County,2020,283631.84,12,Zillow ZHVI county,annual_mean_zhvi,complete_12_months
FL,12117,Seminole County,2021,322996.74,12,Zillow ZHVI county,annual_mean_zhvi,complete_12_months
FL,12117,Seminole County,2022,389609.11,12,Zillow ZHVI county,annual_mean_zhvi,complete_12_months
FL,12117,Seminole County,2023,411582.55,12,Zillow ZHVI county,annual_mean_zhvi,complete_12_months
FL,12117,Seminole County,2024,424949.64,12,Zillow ZHVI county,annual_mean_zhvi,complete_12_months
FL,12119,Sumter County,2015,252877.92,12,Zillow ZHVI county,annual_mean_zhvi,complete_12_months
FL,12119,Sumter County,2016,249846.99,12,Zillow ZHVI county,annual_mean_zhvi,complete_12_months
FL,12119,Sumter County,2017,252894.11,12,Zillow ZHVI county,annual_mean_zhvi,complete_12_months
FL,12119,Sumter County,2018,264534.33,12,Zillow ZHVI county,annual_mean_zhvi,complete_12_months
FL,12119,Sumter County,2019,281491.25,12,Zillow ZHVI county,annual_mean_zhvi,complete_12_months
FL,12119,Sumter County,2020,293466.29,12,Zillow ZHVI county,annual_mean_zhvi,complete_12_months
FL,12119,Sumter County,2021,318389.25,12,Zillow ZHVI county,annual_mean_zhvi,complete_12_months
FL,12119,Sumter County,2022,402226.58,12,Zillow ZHVI county,annual_mean_zhvi,complete_12_months
FL,12119,Sumter County,2023,406833.67,12,Zillow ZHVI county,annual_mean_zhvi,complete_12_months
FL,12119,Sumter County,2024,398791.32,12,Zillow ZHVI county,annual_mean_zhvi,complete_12_months
FL,12121,Suwannee County,2015,122800.51,12,Zillow ZHVI county,annual_mean_zhvi,complete_12_months
FL,12121,Suwannee County,2016,130603.08,12,Zillow ZHVI county,annual_mean_zhvi,complete_12_months
FL,12121,Suwannee County,2017,138445.75,12,Zillow ZHVI county,annual_mean_zhvi,complete_12_months
FL,12121,Suwannee County,2018,151757.92,12,Zillow ZHVI county,annual_mean_zhvi,complete_12_months
FL,12121,Suwannee County,2019,160428.02,12,Zillow ZHVI county,annual_mean_zhvi,complete_12_months
FL,12121,Suwannee County,2020,173719.28,12,Zillow ZHVI county,annual_mean_zhvi,complete_12_months
FL,12121,Suwannee County,2021,212563.79,12,Zillow ZHVI county,annual_mean_zhvi,complete_12_months
FL,12121,Suwannee County,2022,249975.7,12,Zillow ZHVI county,annual_mean_zhvi,complete_12_months
FL,12121,Suwannee County,2023,251791.52,12,Zillow ZHVI county,annual_mean_zhvi,complete_12_months
FL,12121,Suwannee County,2024,265737.5,12,Zillow ZHVI county,annual_mean_zhvi,complete_12_months
FL,12123,Taylor County,2015,99293.76,12,Zillow ZHVI county,annual_mean_zhvi,complete_12_months
FL,12123,Taylor County,2016,101594.28,12,Zillow ZHVI county,annual_mean_zhvi,complete_12_months
FL,12123,Taylor County,2017,108975.2,12,Zillow ZHVI county,annual_mean_zhvi,complete_12_months
FL,12123,Taylor County,2018,117831.86,12,Zillow ZHVI county,annual_mean_zhvi,complete_12_months
FL,12123,Taylor County,2019,127947.59,12,Zillow ZHVI county,annual_mean_zhvi,complete_12_months
FL,12123,Taylor County,2020,135777.53,12,Zillow ZHVI county,annual_mean_zhvi,complete_12_months
FL,12123,Taylor County,2021,162420.67,12,Zillow ZHVI county,annual_mean_zhvi,complete_12_months
FL,12123,Taylor County,2022,193203.03,12,Zillow ZHVI county,annual_mean_zhvi,complete_12_months
FL,12123,Taylor County,2023,197276.6,12,Zillow ZHVI county,annual_mean_zhvi,complete_12_months
FL,12123,Taylor County,2024,200680.1,12,Zillow ZHVI county,annual_mean_zhvi,complete_12_months
FL,12125,Union County,2015,120422.67,12,Zillow ZHVI county,annual_mean_zhvi,complete_12_months
FL,12125,Union County,2016,129712.32,12,Zillow ZHVI county,annual_mean_zhvi,complete_12_months
FL,12125,Union County,2017,135965.08,12,Zillow ZHVI county,annual_mean_zhvi,complete_12_months
FL,12125,Union County,2018,139554.54,12,Zillow ZHVI county,annual_mean_zhvi,complete_12_months
FL,12125,Union County,2019,149991.68,12,Zillow ZHVI county,annual_mean_zhvi,complete_12_months
FL,12125,Union County,2020,162828.79,12,Zillow ZHVI county,annual_mean_zhvi,complete_12_months
FL,12125,Union County,2021,182217.56,12,Zillow ZHVI county,annual_mean_zhvi,complete_12_months
FL,12125,Union County,2022,219708.91,12,Zillow ZHVI county,annual_mean_zhvi,complete_12_months
FL,12125,Union County,2023,247516.9,12,Zillow ZHVI county,annual_mean_zhvi,complete_12_months
FL,12125,Union County,2024,263094.43,12,Zillow ZHVI county,annual_mean_zhvi,complete_12_months
FL,12127,Volusia County,2015,150645.48,12,Zillow ZHVI county,annual_mean_zhvi,complete_12_months
FL,12127,Volusia County,2016,166304.07,12,Zillow ZHVI county,annual_mean_zhvi,complete_12_months
FL,12127,Volusia County,2017,183711.99,12,Zillow ZHVI county,annual_mean_zhvi,complete_12_months
FL,12127,Volusia County,2018,202945.93,12,Zillow ZHVI county,annual_mean_zhvi,complete_12_months
FL,12127,Volusia County,2019,215386.45,12,Zillow ZHVI county,annual_mean_zhvi,complete_12_months
FL,12127,Volusia County,2020,230346.43,12,Zillow ZHVI county,annual_mean_zhvi,complete_12_months
FL,12127,Volusia County,2021,270249.04,12,Zillow ZHVI county,annual_mean_zhvi,complete_12_months
FL,12127,Volusia County,2022,333380.88,12,Zillow ZHVI county,annual_mean_zhvi,complete_12_months
FL,12127,Volusia County,2023,344599.62,12,Zillow ZHVI county,annual_mean_zhvi,complete_12_months
FL,12127,Volusia County,2024,348479.89,12,Zillow ZHVI county,annual_mean_zhvi,complete_12_months
FL,12129,Wakulla County,2015,142839.04,12,Zillow ZHVI county,annual_mean_zhvi,complete_12_months
FL,12129,Wakulla County,2016,150967.46,12,Zillow ZHVI county,annual_mean_zhvi,complete_12_months
FL,12129,Wakulla County,2017,160125.67,12,Zillow ZHVI county,annual_mean_zhvi,complete_12_months
FL,12129,Wakulla County,2018,171696.31,12,Zillow ZHVI county,annual_mean_zhvi,complete_12_months
FL,12129,Wakulla County,2019,181108.71,12,Zillow ZHVI county,annual_mean_zhvi,complete_12_months
FL,12129,Wakulla County,2020,196524.63,12,Zillow ZHVI county,annual_mean_zhvi,complete_12_months
FL,12129,Wakulla County,2021,228559.52,12,Zillow ZHVI county,annual_mean_zhvi,complete_12_months
FL,12129,Wakulla County,2022,266822.11,12,Zillow ZHVI county,annual_mean_zhvi,complete_12_months
FL,12129,Wakulla County,2023,280384.91,12,Zillow ZHVI county,annual_mean_zhvi,complete_12_months
FL,12129,Wakulla County,2024,290499.98,12,Zillow ZHVI county,annual_mean_zhvi,complete_12_months
FL,12131,Walton County,2015,329605.03,12,Zillow ZHVI county,annual_mean_zhvi,complete_12_months
FL,12131,Walton County,2016,346429.82,12,Zillow ZHVI county,annual_mean_zhvi,complete_12_months
FL,12131,Walton County,2017,366274.51,12,Zillow ZHVI county,annual_mean_zhvi,complete_12_months
FL,12131,Walton County,2018,395126.7,12,Zillow ZHVI county,annual_mean_zhvi,complete_12_months
FL,12131,Walton County,2019,415217.56,12,Zillow ZHVI county,annual_mean_zhvi,complete_12_months
FL,12131,Walton County,2020,442619.09,12,Zillow ZHVI county,annual_mean_zhvi,complete_12_months
FL,12131,Walton County,2021,556736.42,12,Zillow ZHVI county,annual_mean_zhvi,complete_12_months
FL,12131,Walton County,2022,716171.05,12,Zillow ZHVI county,annual_mean_zhvi,complete_12_months
FL,12131,Walton County,2023,717008.7,12,Zillow ZHVI county,annual_mean_zhvi,complete_12_months
FL,12131,Walton County,2024,697480.98,12,Zillow ZHVI county,annual_mean_zhvi,complete_12_months
FL,12133,Washington County,2015,99807.7,12,Zillow ZHVI county,annual_mean_zhvi,complete_12_months
FL,12133,Washington County,2016,105821.28,12,Zillow ZHVI county,annual_mean_zhvi,complete_12_months
FL,12133,Washington County,2017,109882.85,12,Zillow ZHVI county,annual_mean_zhvi,complete_12_months
FL,12133,Washington County,2018,116439.86,12,Zillow ZHVI county,annual_mean_zhvi,complete_12_months
FL,12133,Washington County,2019,132103.19,12,Zillow ZHVI county,annual_mean_zhvi,complete_12_months
FL,12133,Washington County,2020,152440.76,12,Zillow ZHVI county,annual_mean_zhvi,complete_12_months
FL,12133,Washington County,2021,185375.76,12,Zillow ZHVI county,annual_mean_zhvi,complete_12_months
FL,12133,Washington County,2022,210899.32,12,Zillow ZHVI county,annual_mean_zhvi,complete_12_months
FL,12133,Washington County,2023,215862.06,12,Zillow ZHVI county,annual_mean_zhvi,complete_12_months
FL,12133,Washington County,2024,225057.59,12,Zillow ZHVI county,annual_mean_zhvi,complete_12_months
